station_id,name,lat,lng,address,operator_id,location
ACAC0003,삼성HW(Test),35.15999000,126.85130000,"광주광역시 서구 내방로 111",AC,...
ACAC0004,궁동공영주차장,35.15095000,126.91934000,"광주광역시 동구 제봉로 153-4",AC,...
ACAC0005,"동명동 푸른길 부근 공영주차장",35.14948000,126.92809000,"광주광역시 동구 동명동 35-6",AC,...
ACAC0006,"설월여고 부근 공영주차장",35.12771000,126.92814000,"광주광역시 동구 천변좌로604번안길 7",AC,...
ACAC0007,"용강 공영주차장",35.11939000,126.93075000,"광주광역시 동구 화산로337번길 1 (용산동)",AC,...
ACAC0008,"푸른마을공동체 앞 공영주차장",35.15267000,126.92559000,"광주광역시 동구 동명동 181-5",AC,...
ACAC0009,"풋살경기장 주변 공영주차장",35.12095000,126.93904000,"광주광역시 동구 소태동 372-1",AC,...
ACAC0010,"녹동경로당 주변 공영주차장",35.10578000,126.93403000,"광주광역시 동구 월남동 267-1",AC,...
ACAC0011,"자주봉 등산로 주변 공영주차장",35.11742000,126.94554000,"광주광역시 동구 소태동 1114",AC,...
ACAC0012,"소태동 진양아파트 옆 공영주차장",35.12965000,126.93495000,"광주광역시 동구 소태동 723-19",AC,...
ACAC0013,"화산마을 공영주차장",35.11572000,126.92177000,"광주광역시 동구 용산동 405",AC,...
ACAC0014,"삼태경로당 부근 공영주차장",35.12136000,126.93645000,"광주광역시 동구 소태동 304",AC,...
ACAC0015,"지한유치원 옆 공영주차장",35.09432000,126.93871000,"광주광역시 동구 내남동 305",AC,...
ACAC0016,"선교동 너릿재 공영주차장",35.08942000,126.95180000,"광주광역시 동구 선교동 273-1번지",AC,...
ACAC0017,"메가스테이션 공영주차장",35.14466600,126.92401400,"광주광역시 동구 서석동 25-4",AC,...
AE25J001,"국가과학기술인력개발원 주차장",36.72772200,127.44090100,"충청북도 청주시 청원구 오창읍 양청4길 45",AE,...
AH000001,"안산 국민건강보험 안산지사",37.32741430,126.84795890,"경기도 안산시 상록구 삼일로 646",AH,...
AH000002,"(주)아하 김포",37.61574200,126.62293500,"경기도 김포시 양촌읍 황금로109번길 67",AH,...
AH000003,"양주 어메이든 오피스텔",37.82207720,127.09393590,"경기도 양주시 옥정동로7길 103",AH,...
AH000004,"완도군 완도고등학교",34.32349500,126.74021880,"전라남도 완도군 완도읍 개포로135번길 55",AH,...
AH000005,"하남 제이디타워",37.51200320,127.15472680,"경기도 하남시 감일로 140",AH,...
AH000007,"인천 농림축산검역본부",37.46439300,126.68414800,"인천광역시 미추홀구 주안로 129",AH,...
AH000009,"고양 삼정그린코아",37.57850550,126.86477450,"경기도 고양시 덕양구 으뜸로 90",AH,...
AH000011,"카페 노브",36.91274630,127.54732240,"충청북도 음성군 맹동면 두레1안길 17",AH,...
AH000012,"충북 오뚜기 대풍공장",36.96666740,127.46426180,"충청북도 음성군 대소면 대풍산단로 128",AH,...
AH000014,"이천 카카오VX 공장",37.24524260,127.41985870,"경기도 이천시 호법면 안평리 73-1",AH,...
AH000015,인천동수중학교,37.48428414,126.71943906,"인천광역시 부평구 동수로 8",AH,...
AH000016,"부산 반여3동 중앙공영주차장",35.20038400,129.13183210,"부산광역시 해운대구 재반로 264",AH,...
AH000017,"부산 한국산업단지공단",35.09046520,128.85320250,"부산광역시 강서구 녹산산단321로 24-8",AH,...
AH000018,"성남 더블유스퀘어 웨딩홀",37.40052770,127.11145590,"경기도 성남시 분당구 판교역로226번길 16",AH,...
AH000019,"대구 KC타운",35.83883503,128.68387830,"대구광역시 수성구 알파시티1로 232",AH,...
AH000020,"청주 농어촌공사충북지역본부",36.60672970,127.48360900,"충청북도 청주시 서원구 1순환로 1053",AH,...
AH000021,"(주)아하 마곡 RD센터",37.55738068,126.83000200,"서울특별시 강서구 마곡중앙2로 30",AH,...
AH000022,"충북 삼구인화원",37.10161520,128.36064660,"충청북도 단양군 어상천면 어상천로 904",AH,...
AH000023,"오산 가나주차타워",37.16205690,127.03897740,"경기도 오산시 가장산업동로 28-5",AH,...
AH000025,"익산 모현4주차장",35.95757426,126.93848590,"전북특별자치도 익산시 모현동2가 676",AH,...
AH000027,"남양주 오토스테이 덕소점",37.59301320,127.22751670,"경기도 남양주시 와부읍 석실로 216",AH,...
AH000028,"용인 케이로지스 양지",37.23946730,127.31320060,"경기도 용인시 처인구 양지면 중부대로 2465",AH,...
AH000029,"익산시청 제2주차장",35.94693370,126.95880260,"전북특별자치도 익산시 선화로45길 7",AH,...
AH000030,"양평 옥불사(삼보사)",37.50096870,127.50977800,"경기도 양평군 양평읍 백운길 144-12",AH,...
AH000031,"파주 금촌어울림센터",37.75893340,126.77485780,"경기도 파주시 금정로 45",AH,...
AH000032,"용인 사이로직",37.26965200,127.06514700,"경기도 용인시 기흥구 흥덕1로 5-11",AH,...
AH000033,"경기도교육청 평생학습관",37.25229900,127.03216240,"경기도 수원시 권선구 권중로 55",AH,...
AH000037,"고양 향동동",37.60971767,126.89064570,"경기도 고양시 덕양구 봉산로 195",AH,...
AH000038,"전남 강진 노을공원",34.51283180,126.78731440,"전라남도 강진군 대구면 청자로 1606",AH,...
AH000042,"익산 제3산업단지 제4주차장",36.04271236,126.99977760,"전북특별자치도 익산시 낭산면 구평리 1551",AH,...
AH000045,태백중학교,37.10386170,129.02201180,"강원특별자치도 태백시 하장성1길 10",AH,...
AH000047,"김포 대곶문화복지센터",37.64925830,126.58204930,"경기도 김포시 대곶면 율생로 83-23",AH,...
AH000049,"익산 3산업단지내 제7주차장",36.04122124,127.00305280,"전북특별자치도 익산시 삼기면 연동리 924",AH,...
AH000050,"익산 4산업단지 주차장",36.03171184,126.95652380,"전북특별자치도 익산시 함열읍 다송리 888",AH,...
AH000051,"익산 역골주차장",35.93821912,126.94326960,"전북특별자치도 익산시 송학동 85-14",AH,...
AH000052,"대구 산격보성아파트 (대성)",35.90020740,128.61275030,"대구광역시 북구 동북로37길 13-10",AH,...
AH000056,"익산 모현동 제2 공영 주차장",35.95044139,126.93882990,"전북특별자치도 익산시 모현동1가 873",AH,...
AH000057,"익산 부송공영주차장",35.95427978,126.99362060,"전북특별자치도 익산시 부송동 1049",AH,...
AH000058,"익산 주현동 공영주차장",35.93395755,126.95859370,"전북특별자치도 익산시 주현동 203",AH,...
AH000059,"제주 맥시멈 스포츠&웰니스",33.27734550,126.28214210,"제주특별자치도 서귀포시 대정읍 중산간서로 2324-10",AH,...
AH000060,"익산 영등동 공영주차장",35.95779785,126.97768820,"전북특별자치도 익산시 영등동 859",AH,...
AH000065,"고양 미성전기차충전소",37.64828900,126.85612170,"경기도 고양시 덕양구 고양대로 1569-1",AH,...
AH000066,"경기 에스피엘 주식회사",36.95236738,127.07697010,"경기도 평택시 팽성읍 추팔산단1길 157",AH,...
AH000067,"전북 국립전북기상과학관",35.56381060,126.83823190,"전북특별자치도 정읍시 서부산업도로 168-43",AH,...
AH000068,"제주 헤리스가든",33.46292124,126.53243080,"제주특별자치도 제주시 한북로 154",AH,...
AH000069,"이브이오토 파주오브제스퀘어지식산업센터",37.71723740,126.69149940,"경기도 파주시 심학산로 6",AH,...
AH000070,"양주 로젠택배",37.71581188,126.93806635,"경기도 양주시 장흥면 호국로 153",AH,...
AH000071,"울산 복산초등학교",35.56095270,129.32559891,"울산광역시 중구 복산6길 7",AH,...
AH000072,"평창 바랑재",37.61870800,128.64757420,"강원특별자치도 평창군 대관령면 올림픽로 1169",AH,...
AH000073,"아산 월드메르디앙웰리지B동",36.79592190,127.05101050,"충청남도 아산시 탕정면 용머리길 41",AH,...
AH000074,"아산 월드메르디앙웰리지A동",36.79599720,127.05183350,"충청남도 아산시 탕정면 용머리길 49",AH,...
AH000075,"전남 대불혁신 지원센터",34.75726300,126.44878800,"전라남도 영암군 삼호읍 대불주거3로 81",AH,...
AH000076,"경남 송학",34.98129738,128.32901670,"경상남도 고성군 고성읍 남산로 166",AH,...
AH000077,오페라하우스펜션,34.76940350,127.91374680,"경상남도 남해군 남면 남서대로 499",AH,...
AH000079,"영양군청 공영주차장",36.66634650,129.11116170,"경상북도 영양군 영양읍 군청길 25",AH,...
AH000080,"경기 이천 나이키고객지원센터",37.22947030,127.43089470,"경기도 이천시 호법면 이섭대천로 625",AH,...
AH000081,"양주 하늘안추모공원",37.81009899,127.02310850,"경기도 양주시 평화로1261번길 372-146",AH,...
AH000082,"대구 CTR모빌리티",35.65071950,128.40887810,"대구광역시 달성군 구지면 국가산단대로39길 100",AH,...
AH000083,"용인 처인프라자",37.15325229,127.17165730,"경기도 용인시 처인구 남사읍 한숲로 60",AH,...
AH000084,"파주 뮤지엄헤이",37.78284712,126.69028320,"경기도 파주시 탄현면 평화로 885-43",AH,...
AH000085,"완도 노소보 다어울림 복합문화공간",34.18740574,126.57902490,"전라남도 완도군 노화읍 노화로 617-1",AH,...
AH000086,"서울 강남센터뷰 오피스텔 B1",37.47443590,127.10711140,"서울특별시 강남구 밤고개로 223",AH,...
AH000087,"김천 국토안전관리원 교육원",36.12811540,128.17883670,"경상북도 김천시 혁신로 315-6",AH,...
AH000088,"경기 엠플레이그라운드 일산 물류센터",37.64125160,126.84937700,"경기도 고양시 덕양구 흥도로415번길 18",AH,...
AH000089,"서울 비제이빌딩",37.60091800,127.03429600,"서울특별시 성북구 종암로 120",AH,...
AH000090,"고양 인선모터스 주식회사",37.69196160,126.81500420,"경기도 고양시 일산동구 동국로 286",AH,...
AH000091,"성남 우대빌딩",37.46559660,127.13670450,"경기도 성남시 수정구 위례서일로 6",AH,...
AH000092,"나주 빛가람복합문화체육센터 주차장",35.02182240,126.78885330,"전라남도 나주시 상야2길 17",AH,...
AH000093,"광주 명진고등학교",35.18744400,126.82975080,"광주광역시 광산구 수완로12번길 21",AH,...
AH000094,"서울 아마노 장안스피존 주차장",37.56229350,127.06721830,"서울특별시 동대문구 장한로2길 33",AH,...
AH000095,"수원 더드림 프라자",37.28452074,126.94587730,"경기도 수원시 권선구 당수로130번길 13",AH,...
AH000096,"울산 CTR 모빌리티",35.57258809,129.37545030,"울산광역시 북구 모듈화산업로 115",AH,...
AH000097,대전가원학교,36.30445700,127.34580590,"대전광역시 서구 계백로 1095",AH,...
AH000098,"대전 씨엘드레브",36.35335156,127.36297140,"대전광역시 서구 계룡로314번길 8",AH,...
AH000099,"대전 배재대학교",36.32323830,127.36607440,"대전광역시 서구 배재로 155-40",AH,...
AH000100,"경기대학교 서울캠퍼스",37.56519469,126.96222415,"서울특별시 서대문구 경기대로9길 24",AH,...
AH000101,"완주 전북수소에너지고등학교",35.90774973,127.06943788,"전북특별자치도 완주군 삼례읍 삼례역로 41-1",AH,...
ALAL0002,소설스미스,36.82727600,127.14456400,"충청남도 천안시 서북구 성정공원5로 64",AL,...
ALAL0003,오붓스테이,36.82702100,127.14271000,"충청남도 천안시 서북구 성정공원2길 21",AL,...
ALAL0004,서산동남1차,36.75993200,126.48498900,"충청남도 서산시 한성지3로 29",AL,...
ALAL0005,잠원한신한강,37.52063600,127.01375600,"서울특별시 서초구 잠원로 213-10",AL,...
ALAL0006,더늘봄,37.74946600,127.20805500,"경기도 남양주시 진접읍 금강로 1845",AL,...
ALAL0007,프레젠티아,37.43267908,127.12785172,"경기도 성남시 중원구 산성대로80번길 8",AL,...
ALAL0008,"경기대학교 이민규센터",37.30358100,127.03551900,"경기도 수원시 영통구 광교산로 154-42",AL,...
ALAL0009,"경기대학교 진리관기계실",37.29989000,127.03305100,"경기도 수원시 영통구 광교산로 154-42",AL,...
ALAL0010,"경기대학교 교수연구동",37.30204200,127.03653600,"경기도 수원시 영통구 광교산로 154-42",AL,...
ALAL0011,수연플라자,37.56298800,127.19536800,"경기도 하남시 미사강변동로84번길 40",AL,...
ALAL0012,임광아파트,36.80232900,127.13241200,"충청남도 천안시 동남구 순천향1길 25",AL,...
ALAL0013,대영빌딩,35.87815100,128.63159200,"대구광역시 동구 효신로 74",AL,...
ALAL0014,"강원대학교병원 직장어린이집",37.87339700,127.74754200,"강원특별자치도 춘천시 서부대성로 257",AL,...
ALAL0015,한누리빌딩,37.57483600,126.97294100,"서울특별시 종로구 새문안로5가길 33",AL,...
ALAL0016,미사역파라곤스퀘어,37.56469200,127.19326200,"경기도 하남시 미사강변동로 100-1",AL,...
ALAL0017,세종빌딩,37.55078200,127.17409200,"서울특별시 강동구 상일로10길 36",AL,...
ALAL0018,센트럴플레이스,37.56094900,126.96702200,"서울특별시 중구 서소문로 50",AL,...
ALAL0019,제일병원,35.19259700,128.11612800,"경상남도 진주시 대신로 359",AL,...
ALAL0020,주안에쉐르,36.34436600,127.38137600,"대전광역시 서구 계룡로509번길 6",AL,...
ALAL0024,가톨릭센터,35.10412400,129.02856400,"부산광역시 중구 중구로 71",AL,...
AM900000,"충주 이든호텔 급속충전소",37.08928020,127.79918600,"충청북도 충주시 앙성면 능동3길 16",AM,...
AM900001,"수원대학교1 충전소",37.20958670,126.97938420,"경기도 화성시 봉담읍 와우안길 17",AM,...
AM900002,"수원대학교2 충전소",37.20686500,126.97661930,"경기도 화성시 봉담읍 와우안길 17",AM,...
AM900003,"수원대학교3 충전소",37.21072520,126.97288360,"경기도 화성시 봉담읍 와우안길 17",AM,...
AM900004,"수원대학교4 충전소",37.21218150,126.97853850,"경기도 화성시 봉담읍 와우안길 17",AM,...
AM900005,"수원대학교1 급속충전소",37.21219050,126.97850470,"경기도 화성시 봉담읍 와우안길 17",AM,...
AM900006,"수원대학교2 급속충전소",37.20949660,126.97939550,"경기도 화성시 봉담읍 와우안길 17",AM,...
AM900007,"수원대학교3 급속충전소",37.21058540,126.97228660,"경기도 화성시 봉담읍 와우안길 17",AM,...
AM900008,"보건복지행정타운 충전소",37.56501100,127.08459680,"서울특별시 광진구 능동로 400",AM,...
AM900009,"보건복지행정타운(경기북부) 급속충전소",37.56501100,127.08459680,"서울특별시 광진구 능동로 400",AM,...
AM900010,"파주MH타워 충전소",37.76487940,126.77452630,"경기도 파주시 중앙로 328",AM,...
AM900011,"익산팔봉 이지움더테라스 충전소",35.96551800,127.01820930,"전북특별자치도 익산시 서동로29길 42",AM,...
AM900012,"서울 한샘상암사옥 충전소",37.57615090,126.89876380,"서울특별시 마포구 성암로 179",AM,...
AM900013,"수원 광교농우바이오 충전소",37.29369150,127.05035440,"경기도 수원시 영통구 센트럴타운로 114-8",AM,...
AM900014,"스퀘어1188 충전소",37.66506170,127.11220350,"경기도 남양주시 식송1로 192",AM,...
AM900015,"충주 이든호텔 충전소",37.08941750,127.79920980,"충청북도 충주시 앙성면 능동3길 16",AM,...
AM900017,"평택 지산동 지식산업센터 충전소",37.07925712,127.05599184,"경기도 평택시 지산로11번길 7",AM,...
AM900018,"지산 리세스빌 도안 급속충전소",36.30732480,127.34742570,"대전광역시 서구 원도안로25번길 8-6",AM,...
AM900019,"평택 로자벨시티1 충전소",37.05730370,127.04824330,"경기도 평택시 고덕갈평6길 25",AM,...
AM900020,"평택 로자벨시티2 충전소",37.05729010,127.04824330,"경기도 평택시 고덕갈평6길 25",AM,...
AM900021,"평택 로자벨시티3 충전소",37.05729015,127.04822080,"경기도 평택시 고덕갈평6길 25",AM,...
AM900022,"부천대학교(본교) 충전소",37.48887270,126.77929980,"경기도 부천시 신흥로56번길 25",AM,...
AM900023,"엑세스나인 급속충전소",37.42390530,127.10171340,"경기도 성남시 수정구 대왕판교로 935",AM,...
AM900024,"온세미주차장 충전소",37.51182360,126.78430420,"경기도 부천시 도당동 97-4",AM,...
AM900025,"부천대학교(소사캠퍼스) 충전소",37.46373800,126.80306670,"경기도 부천시 소사로 56",AM,...
AM900026,"대구 동천동 세븐밸리 충전소",35.94413786,128.56032260,"대구광역시 북구 동암로 90",AM,...
AM900027,"아마노코리아 제주지점 충전소",33.48894980,126.46976250,"제주특별자치도 제주시 월광로 99",AM,...
AM900028,"수원프리미엄아울렛 충전소",37.26666684,127.07631870,"경기도 용인시 기흥구 중부대로 64",AM,...
AM900029,"세종국책연구단지 급속충전소",36.49584230,127.30454330,"세종특별자치시 시청대로 370",AM,...
AM900030,"세종국책연구단지 충전소",36.49584229,127.30454330,"세종특별자치시 시청대로 370",AM,...
AM900031,"향동어반플레이스 충전소",37.60037996,126.89396330,"경기도 고양시 덕양구 향기로 119",AM,...
AM900032,"고양 지축 스타스퀘어 충전소",37.64984868,126.91394880,"경기도 고양시 덕양구 지축로 52",AM,...
AM900034,"세종다산마을 급속충전소",36.50948320,127.26058870,"세종특별자치시 한누리대로 511",AM,...
AM900035,"세종다산마을 충전소",36.50948318,127.26058875,"세종특별자치시 한누리대로 511",AM,...
AM900036,"나라키움 대전센터 급속충전소",36.35868596,127.37857250,"대전광역시 서구 한밭대로 713",AM,...
AM900037,"나라키움 대전센터 충전소",36.35868600,127.37857250,"대전광역시 서구 한밭대로 713",AM,...
AM900038,"캠코캐피탈타워 충전소",36.35831537,127.38782561,"대전광역시 서구 한밭대로 797",AM,...
AM900039,"고성 겨울바다(펜션) 충전소",38.24921243,128.56691690,"강원특별자치도 고성군 토성면 토성로 19",AM,...
AM900040,"마곡로뎀타워 급속충전소",37.55910600,126.82803650,"서울특별시 강서구 공항대로 186",AM,...
AM900041,"마곡로뎀타워 충전소",37.55909967,126.82799560,"서울특별시 강서구 공항대로 186",AM,...
AM900042,"서울 아이콘역삼빌딩 충전소",37.50232702,127.04444460,"서울특별시 강남구 테헤란로44길 8",AM,...
AM900043,더채플청담빌딩,37.52259180,127.03037730,"서울특별시 강남구 선릉로 757",AM,...
AM900044,더채플논현빌딩,37.50508470,127.02599437,"서울특별시 강남구 논현로 549",AM,...
AM900045,진양빌딩,37.56380180,126.95818885,"서울특별시 서대문구 경기대로 47",AM,...
AM900046,"광주 판관공 빌딩 급속충전소",35.20668030,126.82061683,"광주광역시 광산구 임방울대로 527",AM,...
AM900047,"대구 와이즈빌딩",35.86570133,128.58993120,"대구광역시 중구 달구벌대로 2068",AM,...
AM900048,"대구 와이즈빌딩 급속충전소",35.86570133,128.58993120,"대구광역시 중구 달구벌대로 2068",AM,...
AM900049,서울하나손해보험빌딩,37.57280393,126.99709730,"서울특별시 종로구 창경궁로 117",AM,...
AM900050,"수원해피라움프라자 ",37.27432742,126.95296030,"경기도 수원시 권선구 금곡로 205",AM,...
AM900051,김포프레즌스빌딩,37.63927322,126.67471130,"경기도 김포시 김포한강2로 76",AM,...
AM900052,원주타임시티,37.34565705,127.93221760,"강원특별자치도 원주시 북원로 2235-4",AM,...
AM900055,강남일옥빌딩(신한강남L타워),37.50317135,127.04607090,"서울특별시 강남구 테헤란로 318",AM,...
AM900056,판교실리콘파크,37.40512735,127.09949195,"경기도 성남시 분당구 판교로255번길 35",AM,...
AM900057,"송파 와이즈더샵",37.47709543,127.14372350,"서울특별시 송파구 위례광장로 270",AM,...
AM900058,죽전테이스티에비뉴,37.32672344,127.10854610,"경기도 용인시 수지구 용구대로 2701",AM,...
AM900059,인천백병원,37.48171344,126.64583150,"인천광역시 동구 샛골로 214",AM,...
AM900060,섬뜰아래캠핑장,37.39612175,126.42483380,"인천광역시 중구 대무의로 229",AM,...
AM900061,단암타워,37.55854116,126.97541110,"서울특별시 중구 소월로 10",AM,...
AM900062,휴네시온,37.52114656,127.05551810,"서울특별시 강남구 학동로97길 20",AM,...
AM900063,퍼스트하임프라자,37.45536466,126.71966780,"인천광역시 남동구 호구포로 818",AM,...
AM900064,"원주 구룡사",37.39956699,128.04966540,"강원특별자치도 원주시 소초면 구룡사로 500",AM,...
AM900065,성수드림빌드지식산업센터,37.54359489,127.05834890,"서울특별시 성동구 아차산로 132",AM,...
AMAM0003,파크엠빌딩,37.57853000,126.89428500,"서울특별시 마포구 매봉산로 80",AM,...
AMAM0004,"서계동 청년주택",37.55056900,126.96817200,"서울특별시 용산구 청파로73길 34",AM,...
AMAM0005,"왕십리 청년주택",37.56362010,127.04197500,"서울특별시 성동구 마조로 66",AM,...
AMAM0008,익산병원,35.96170100,126.96652100,"전북특별자치도 익산시 무왕로 969",AM,...
AMAM0009,"건국대 사범대학부속 중학교",37.54172400,127.08159700,"서울특별시 광진구 자양로 145-1",AM,...
AMAM0012,의정부센트럴타워,37.73988000,127.03498900,"경기도 의정부시 시민로 80",AM,...
AMAM0014,수유경남아너스빌,37.63817600,127.02417000,"서울특별시 강북구 노해로8길 22",AM,...
AMAM0015,강남빌딩,37.49694000,127.02458900,"서울특별시 서초구 서초대로 396",AM,...
AMAM0016,서초평화빌딩,37.48308100,127.01271800,"서울특별시 서초구 반포대로 22",AM,...
AZ100007,이고,35.88942470,128.57010170,"대구광역시 북구 팔달로35길 20",AZ,...
AZ100010,그림책카페노란우산,33.28856940,126.30281820,"제주특별자치도 서귀포시 안덕면 녹차분재로 32",AZ,...
AZ100011,비에노즈,33.44246660,126.28402220,"제주특별자치도 제주시 한림읍 한림해안로 674",AZ,...
AZ100012,"국민건강보험공단 경주지사",35.84394720,129.17665120,"경상북도 경주시 태종로 426",AZ,...
AZ100013,대청초등학교,35.85112860,128.65057890,"대구광역시 수성구 교학로12길 42",AZ,...
AZ100014,(주)밴앤포스,35.86850370,128.61750430,"대구광역시 동구 국채보상로163길 15",AZ,...
AZ100015,"국민건강보험공단 기장지사",35.25378570,129.21556490,"부산광역시 기장군 기장읍 차성로 414",AZ,...
AZ100016,"창원 포레스트701호텔",35.35587220,128.60780460,"경상남도 창원시 의창구 북면 천주로1165번길 24-1",AZ,...
AZ100017,대구세강병원,35.83676390,128.55169200,"대구광역시 달서구 구마로 220",AZ,...
AZ100018,"GDR아카데미 모든스크린골프",35.95878490,126.72139090,"전북특별자치도 군산시 공단대로 183",AZ,...
AZ100019,제일사,35.88866010,128.55367390,"대구광역시 서구 염색공단로 20",AZ,...
AZ100020,올인워크,35.86786100,128.62956350,"대구광역시 동구 동부로30길 102-3",AZ,...
AZ100021,"KB차차차 동대구",35.86943930,128.71880970,"대구광역시 동구 안심로59길 36",AZ,...
AZ100022,모빌리티기술혁신센터,35.69472290,128.47085670,"대구광역시 달성군 유가읍 테크노순환로 356",AZ,...
AZ100023,비에스타워,35.88942470,128.57010170,"대구광역시 북구 팔달로35길 20",AZ,...
AZ100024,고산크라우드오피스텔,37.72881450,127.10512720,"경기도 의정부시 문화로 9",AZ,...
AZ100025,에스월드주차타워,37.02802640,127.01556290,"경기도 평택시 고덕면 도시지원로 128",AZ,...
BA191101,"부안 예술회관",35.72435480,126.72325050,"전북특별자치도 부안군 부안읍 예술회관길 11",BA,...
BA24A111,"곰소염전 스마트복합쉼터",35.59443400,126.61601400,"전북특별자치도 부안군 진서면 곰소리 2-2",BA,...
BE111108,"워터 서울 광화문",37.57464100,126.97891300,"서울특별시 종로구 종로1길 50",BE,...
BE240101,"워터 버거킹 청주분평DT",36.60423900,127.47958400,"충청북도 청주시 서원구 청남로 1918",BE,...
BE240102,"워터 북한산 사기막야영장",37.67592460,126.96550090,"경기도 고양시 덕양구 북한산로618번길 130",BE,...
BE240103,"워터 용인 AK기흥",37.27043000,127.11757800,"경기도 용인시 기흥구 기흥역로 63",BE,...
BE240104,"워터 북한산 제1주차장",37.65666070,126.94677040,"서울특별시 은평구 대서문길 24",BE,...
BE240105,"워터 송파 한양타워",37.48595545,127.11797785,"서울특별시 송파구 법원로11길 12",BE,...
BE240106,"워터 안산 선부",37.34146920,126.81472050,"경기도 안산시 단원구 달미로 63",BE,...
BE240107,"워터 버거킹 화성능동",37.21191210,127.05551970,"경기도 화성시 동탄지성로 190",BE,...
BE240108,"워터 세종 국립수목원",36.49831580,127.28414200,"세종특별자치시 수목원로 136",BE,...
BE240301,"워터 서울 태영운수",37.58088960,126.81949056,"서울특별시 강서구 양천로27길 169",BE,...
BE240601,"워터 버거킹 안성아양DT",37.01089620,127.25775150,"경기도 안성시 아양2로 92",BE,...
BE240701,"워터 남한산성 남문주차장",37.47647310,127.18374350,"경기도 광주시 남한산성면 산성리 1050-1",BE,...
BE240702,"워터 남한산성 로터리주차장",37.47777110,127.18454140,"경기도 광주시 남한산성면 산성리 526-1",BE,...
BE240703,"워터 남한산성 불당리주차장",37.45802130,127.21546230,"경기도 광주시 남한산성면 불당리 26-7",BE,...
BE240704,"워터 남한산성 검복리주차장",37.46705240,127.20218260,"경기도 광주시 검복리 41-1",BE,...
BE240705,"워터 남한산성 하행선주차장",37.47059960,127.19773120,"경기도 광주시 검복리 25-1",BE,...
BE240707,"워터 연인산 탐방안내소주차장",37.84726500,127.48591700,"경기도 가평군 가평읍 승안리 297-60",BE,...
BE240708,"워터 연인산 제1주차장",37.89592153,127.44232008,"경기도 가평군 북면 백둔리 807",BE,...
BE240709,"워터 서울시교통회관",37.51576610,127.10561170,"서울특별시 송파구 올림픽로 319",BE,...
BE241001,"워터 과천 렛츠런파크",37.44229060,127.00887750,"경기도 과천시 주암동 685-49",BE,...
BE241002,"워터 고양 일산종합사회복지관",37.68451830,126.76852750,"경기도 고양시 일산서구 고양대로 654",BE,...
BE241003,"워터 고양 재활스포츠센터",37.70321200,126.76453220,"경기도 고양시 일산서구 탄현로 139",BE,...
BE241004,"워터 고양 종합운동장 제3주차장",37.67345790,126.74284530,"경기도 고양시 일산서구 중앙로 1601",BE,...
BE241005,"워터 고양 스포츠타운",37.68225380,126.74188350,"경기도 고양시 일산서구 중앙로 1601",BE,...
BE241008,"워터 고양 농수산물유통센터 3주차장",37.68207690,126.74657010,"경기도 고양시 일산서구 대화로 362",BE,...
BE241009,"워터 고양 일산호수공원1",37.66524380,126.75959690,"경기도 고양시 일산동구 호수로 731",BE,...
BE241010,"워터 고양 일산호수공원2",37.66155540,126.76389780,"경기도 고양시 일산동구 호수로 731",BE,...
BE241011,"워터 고양 일산호수공원3",37.65337620,126.76944630,"경기도 고양시 일산동구 호수로 595",BE,...
BE241012,"워터 고양 일산호수공원4",37.65188810,126.77083250,"경기도 고양시 일산동구 호수로 543-2",BE,...
BE241013,"워터 고양 대화레포츠공원",37.67034010,126.73733300,"경기도 고양시 일산서구 대화로 166",BE,...
BE241014,"워터 고양 탄현공원",37.70113500,126.76962030,"경기도 고양시 일산서구 탄현로 100",BE,...
BE241015,"워터 킨텍스 제2전시장",37.66321000,126.74280000,"경기 고양시 일산서구 킨텍스로 217-59",BE,...
BE241016,"워터 고양 고봉커뮤니티센터",37.72099580,126.83417650,"경기도 고양시 일산동구 공릉천로 347",BE,...
BE241017,"워터 고양 일산탄현마을",37.69329000,126.76890000,"경기 고양시 일산서구 탄현동 1506",BE,...
BE241018,"워터 원주 개운행정복지센터",37.34124640,127.96014810,"강원특별자치도 원주시 행구로 40",BE,...
BE241019,"워터 원주 세무서앞공영주차장",37.35337900,127.93498070,"강원특별자치도 원주시 단계동 1080",BE,...
BE241021,"워터 원주 치매안심센터",37.32470150,127.92484190,"강원특별자치도 원주시 지니기길 11-20",BE,...
BE241022,"워터 원주공항",37.45921230,127.97712060,"강원특별자치도 횡성군 횡성읍 횡성로 38",BE,...
BE241023,"워터 원주 일산행정복지센터",37.34965500,127.94214800,"강원특별자치도 원주시 천사로 159",BE,...
BE241024,"워터 원주 태장행정복지센터",37.36343080,127.96356310,"강원특별자치도 원주시 태장동 149-5",BE,...
BE241025,"워터 원주 봉산미공영주차장",37.34939630,127.95932170,"강원특별자치도 원주시 봉산동 1075-8",BE,...
BE241026,"워터 구원주역공영주차장",37.35706450,127.94489530,"강원특별자치도 원주시 학성동 357-18",BE,...
BE241027,"워터 원주 반계은행나무광장주차장",37.29222030,127.78906040,"강원특별자치도 원주시 문막읍 반계리 1092-1",BE,...
BE241028,"워터 원주 우산행정복지센터",37.37148290,127.94006370,"강원특별자치도 원주시 진광길 9",BE,...
BE241029,"워터 치악산 자연휴양림제1주차장",37.25582190,128.03132240,"강원특별자치도 원주시 판부면 금대리 산 120번지 ",BE,...
BE241030,"워터 원주 신림행정복지센터",37.23069070,128.07948240,"강원특별자치도 원주시 신림면 치악로 28",BE,...
BE241031,"워터 거제 아주주민센터",34.86205020,128.69009500,"경상남도 거제시 아주동 290-13",BE,...
BE241032,"워터 거제 고현중앙공영주차장",34.89070000,128.62277000,"경상남도 거제시 고현동 977-14",BE,...
BE241033,"워터 거제 농업기술센터",34.85670000,128.58229000,"경상남도 거제시 거제면 서정리 856-1",BE,...
BE241034,"워터 거제 고현시장공영주차장",34.88529000,128.62406000,"경상남도 거제시 고현동 104-2",BE,...
BE241035,"워터 거제 반다비체육센터",34.88235000,128.62046000,"경상남도 거제시 고현동 652",BE,...
BE241036,"워터 제주 덕수리마을회관",33.26391540,126.30407290,"제주특별자치도 서귀포시 안덕면 덕수리 1921",BE,...
BE241037,"워터 제주 영락마을회관식당",33.25816520,126.21178790,"제주특별자치도 서귀포시 대정읍 영락리 1285-13",BE,...
BE241038,"워터 제주 서광동리복지회관",33.28798550,126.33119830,"제주특별자치도 서귀포시 안덕면 서광동로 17",BE,...
BE241040,"워터 제주 동복리사무소",33.55310860,126.70986980,"제주특별자치도 제주시 구좌읍 동복리 1693",BE,...
BE241041,"워터 제주 남원1리복지회관",33.27779720,126.71614680,"제주특별자치도 서귀포시 남원읍 남원회관로 27",BE,...
BE241042,"워터 제주 하예하동마을회관",33.23664490,126.37309670,"제주특별자치도 서귀포시 예래로 416",BE,...
BE241043,"워터 제주 신촌리사무소",33.53312580,126.62013360,"제주특별자치도 제주시 조천읍 신북로 54",BE,...
BE241044,"워터 제주 북촌리사무소",33.54809970,126.69599970,"제주특별자치도 제주시 조천읍 일주동로 1514",BE,...
BE241046,"워터 제주 하도리문화복지회관",33.51830050,126.88288000,"제주특별자치도 제주시 구좌읍 일주동로 3417",BE,...
BE241047,"워터 유니클로 충주",36.98280360,127.93580810,"충청북도 충주시 연수동 454-10",BE,...
BE241048,"워터 유니클로 포항장성",36.07175190,129.37835180,"경상북도 포항시 북구 장성동 449-3",BE,...
BE241049,"워터 유니클로 부산사하",35.09042870,128.96437930,"부산광역시 사하구 신평동 370-216",BE,...
BE241050,"워터 유니클로 전주효자",35.82167560,127.08603010,"전북특별자치도 전주시 완산구 콩쥐팥쥐로 1713",BE,...
BE241052,"워터 유니클로 양산신기",35.35271640,129.03730180,"경상남도 양산시 신기동 545-39",BE,...
BE241053,"워터 유니클로 원주",37.33043000,127.92510000,"강원 원주시 무실동 630-3",BE,...
BE241054,"워터 유니클로 제주이도",33.49169000,126.53630000,"제주특별자치도 제주시 이도이동 1996-1",BE,...
BE241055,"워터 버거킹 고양덕양",37.71323730,126.90823380,"경기도 고양시 덕양구 고양동621",BE,...
BE241056,"워터 버거킹 제주민속오일장DT",33.49325680,126.47984450,"제주특별자치도 제주시 연동 2413-4",BE,...
BE241057,"워터 버거킹 제주함덕DT",33.53661040,126.66743920,"제주특별자치도 제주시 조천읍 함덕리 916",BE,...
BE241058,"워터 버거킹 제주화북DT",33.51763500,126.56274500,"제주특별자치도 제주시 화북일동 3907-9",BE,...
BE241059,"워터 버거킹 전주삼천DT",35.79212770,127.11362350,"전북특별자치도 전주시 완산구 장승배기로 4",BE,...
BE241060,"워터 버거킹 진주하대DT",35.19136150,128.11608350,"경상남도 진주시 하대동469",BE,...
BE241061,"워터 버거킹 대전용두DT",36.32522000,127.40990000,"대전광역시 중구 용두동 29-22",BE,...
BE241062,"워터 버거킹 부산명지DT",35.09482220,128.92293150,"부산 강서구 명지국제6로 218",BE,...
BE241063,"워터 버거킹 제주애월DT",33.46979000,126.36380000,"제주 제주시 애월읍 신엄리 2321",BE,...
BE241064,"워터 평택 천호운수",37.04891000,127.05700000,"경기도 평택시 송탄로 37",BE,...
BE241065,"워터 당진 대우가스",36.79629610,126.78114200,"충청남도 당진시 합덕읍 남부로 1985",BE,...
BE241066,"워터 서산 서령택시",36.80215620,126.47335390,"충청남도 서산시 서령로 286",BE,...
BE241067,"워터 서산 신흥택시",36.79207870,126.43283580,"충청남도 서산시 갈산1길 17-2",BE,...
BE241068,"워터 서산 청자운수",36.75057560,126.44907920,"충청남도 서산시 양대3길 9",BE,...
BE241070,"워터 의정부 범한상운",37.75425560,127.01999440,"경기도 의정부시 입석로55번길 1-16",BE,...
BE241201,"워터 평택호휴게소 평택방향",36.92338320,126.91674760,"경기도 평택시 현덕면 권관리 산95",BE,...
BE241202,"워터 평택호휴게소 익산방향",36.92377200,126.91656670,"경기도 평택시 현덕면",BE,...
BE241203,"워터 평택호휴게소 외부입주민주차장",36.92497540,126.91869990,"경기도 평택시 현덕면 평택호3길 63",BE,...
BE241204,"워터 예산예당호휴게소 평택방향",36.62840110,126.78278050,"충남 예산군 응봉면 신리 183-1",BE,...
BE241205,"워터 예산예당호휴게소 익산방향",36.62871740,126.78236290,"충남 예산군 응봉면 신리길 78-10",BE,...
BE241206,"워터 강릉대관령휴게소 강릉방향",37.75790340,128.80709920,"강원특별자치도 강릉시 성산면 영동고속도로 232",BE,...
BE241207,"워터 강릉대관령휴게소 인천방향",37.75921140,128.80468930,"강원특별자치도 강릉시 성산면 영동고속도로 231",BE,...
BE241208,"워터 내린천휴게소 서울방향",37.91649910,128.28648230,"강원특별자치도 인제군 상남면 서울양양고속도로 117",BE,...
BE241209,"워터 내린천휴게소 양양방향",37.91530600,128.28807360,"강원특별자치도 인제군 상남면 서울양양고속도로 117",BE,...
BE241210,"워터 문막휴게소 인천방향",37.29742700,127.81732090,"강원특별자치도 원주시 문막읍 개나루길 13",BE,...
BE241211,"워터 서여주휴게소 창원방향",37.27898440,127.57835410,"경기도 여주시 세종대왕면 중부내륙고속도로 271",BE,...
BE241212,"워터 여주휴게소 강릉방향",37.23809120,127.57028790,"경기도 여주시 가남읍 여주남로 722",BE,...
BE241213,"워터 여주휴게소 인천방향",37.23939130,127.57001370,"경기도 여주시 가남읍 화평길 116",BE,...
BE241214,"워터 옥계휴게소 속초방향",37.61510040,129.06082370,"강원특별자치도 강릉시 옥계면 동해고속도로 320",BE,...
BE241215,"워터 용인휴게소 강릉방향",37.24614900,127.24116100,"경기도 용인시 처인구 주북로94번길 30-1",BE,...
BE241216,"워터 용인휴게소 인천방향",37.24788220,127.23888710,"경기도 용인시 처인구 주북로 66-14",BE,...
BE241217,"워터 원주휴게소 춘천방향",37.43458780,127.93166120,"강원특별자치도 원주시 호저면 마근거리길 110",BE,...
BE241218,"워터 평창휴게소 강릉방향",37.60565180,128.45268940,"강원특별자치도 평창군 용평면 경강로 2159-58",BE,...
BE241219,"워터 홍천휴게소 서울방향",37.75906990,128.00587410,"강원특별자치도 홍천군 화촌면 서울양양고속도로 83",BE,...
BE241220,"워터 홍천휴게소 양양방향",37.75731660,128.00437790,"강원특별자치도 홍천군 화촌면 서울양양고속도로 84",BE,...
BE241221,"워터 홍천강휴게소 춘천방향",37.71292510,127.82786830,"강원특별자치도 홍천군 북방면 도사곡길 223",BE,...
BE241222,"워터 횡성휴게소 강릉방향",37.46333330,128.13457840,"강원특별자치도 횡성군 안흥면 영동고속도로 154-1",BE,...
BE241223,"워터 괴산휴게소 창원방향",36.83095380,127.95783310,"충청북도 괴산군 장연면 중부내륙고속도로 205",BE,...
BE241224,"워터 문경휴게소 양평방향",36.61978810,128.15285850,"경상북도 문경시 중부내륙고속도로 174",BE,...
BE241225,"워터 문경휴게소 창원방향",36.62057410,128.14994150,"경상북도 문경시 중부내륙고속도로 173",BE,...
BE241226,"워터 선산휴게소 양평방향",36.27738490,128.24924710,"경상북도 구미시 옥성면 중부내륙고속도로 128",BE,...
BE241227,"워터 천등산휴게소 제천방향",37.06172260,127.93946790,"충청북도 충주시 산척면 평택제천고속도로 106",BE,...
BE241228,"워터 천등산휴게소 평택방향",37.07646850,127.98839190,"충청북도 충주시 산척면 평택제천고속도로 109",BE,...
BE241229,"워터 충주휴게소 양평방향",37.02345610,127.83925800,"충청북도 충주시 중앙탑면 중부내륙고속도로 230",BE,...
BE241230,"워터 군위휴게소 부산방향",36.26613440,128.57496560,"대구광역시 군위군 군위읍 경북대로 4084",BE,...
BE241231,"워터 남성주참외휴게소 양평방향",35.85702050,128.31997850,"경상북도 성주군 용암면 중부내륙고속도로 76",BE,...
BE241232,"워터 안동휴게소 부산방향",36.55297640,128.64237630,"경상북도 안동시 풍산읍 풍산태사로 1903-27",BE,...
BE241233,"워터 영천휴게소 대구방향",36.05315930,129.04549530,"경상북도 영천시 임고면 운주로 791",BE,...
BE241234,"워터 의성휴게소 청주방향",36.41081170,128.44504370,"경상북도 의성군 안계면 새못안길 45-49",BE,...
BE241235,"워터 청통휴게소 대구방향",35.99446650,128.86004020,"경상북도 영천시 청통면 청통로 334-42",BE,...
BE241236,"워터 칠곡휴게소 서울방향",36.01209300,128.43056810,"경상북도 칠곡군 왜관읍 경부고속도로 158",BE,...
BE241237,"워터 경주휴게소 부산방향",35.72452900,129.19270800,"경상북도 경주시 내남면 경부고속도로 59",BE,...
BE241238,"워터 고성공룡나라휴게소 대전방향",35.05597700,128.25348600,"경상남도 고성군 대가면 통영대전고속도로 32",BE,...
BE241239,"워터 고성공룡나라휴게소 통영방향",35.05184700,128.26318600,"경상남도 고성군 대가면 통영대전고속도로 29",BE,...
BE241240,"워터 김해금관가야휴게소 기장방향",35.26851850,129.00314010,"경상남도 김해시 대동면 월촌리 773",BE,...
BE241241,"워터 김해금관가야휴게소 창원방향",35.27034130,129.00371330,"경상남도 김해시 대동면 동남로 400",BE,...
BE241242,"워터 산청휴게소 대전방향",35.33413680,127.93872200,"경상남도 산청군 단성면 통영대전고속도로 76",BE,...
BE241243,"워터 산청휴게소 통영방향",35.33443920,127.93714150,"경상남도 산청군 단성면 통영대전고속도로 77",BE,...
BE241244,"워터 영산휴게소 창원방향",35.42925900,128.49553600,"경상남도 창녕군 영산면 장척호수길 56-110",BE,...
BE241245,"워터 장유휴게소 서부산방향",35.21137960,128.79385580,"경상남도 김해시 장유로116번길 44-82",BE,...
BE241246,"워터 진영휴게소 순천방향",35.27988910,128.71822410,"경상남도 김해시 진영읍 우동리 318-5",BE,...
BE241247,"워터 진주휴게소 반려견놀이터주차장",35.15908400,128.12054200,"경상남도 진주시 남해고속도로 194",BE,...
BE241248,"워터 함안휴게소 부산방향",35.29378200,128.34777800,"경상남도 함안군 군북면 현포로 205",BE,...
BE241249,"워터 함안휴게소 순천방향",35.29489500,128.34369300,"경상남도 함안군 군북면 현포로 205-1",BE,...
BE241250,"워터 현풍휴게소 대구방향",35.70220700,128.43799100,"대구광역시 달성군 현풍읍 비슬로 741",BE,...
BE241251,"워터 현풍휴게소 창원방향",35.70169000,128.43572800,"대구광역시 달성군 현풍읍 성하길 48",BE,...
BE250101,"워터 동두천시청",37.90346910,127.06076110,"경기도 동두천시 방죽로 23",BE,...
BE250102,"워터 동두천시청 부설주차장",37.90224910,127.05967460,"경기도 동두천시 생연동 428",BE,...
BE250104,"워터 동두천 대형자동차공영주차장",37.90104010,127.03555380,"경기도 동두천시 벌마들로 104-17",BE,...
BE250105,"워터 동두천 한미우호의광장주차장",37.91687800,127.05575840,"경기도 동두천시 보산동 431-36",BE,...
BE250106,"워터 동두천 택시쉼터주차장",37.90121560,127.03752680,"경기도 동두천시 벌마들로 82",BE,...
BE250107,"워터 동두천 중앙동공영주차장",37.90720690,127.05501590,"경기도 동두천시 생연동 612-1",BE,...
BE250108,"워터 동두천 불현동행정복지센터",37.89849740,127.06271760,"경기도 동두천시 행선로 123",BE,...
BE250109,"워터 동두천시보건소",37.89677030,127.05204940,"경기도 동두천시 중앙로 167",BE,...
BE250110,"워터 거제시반려동물지원센터",34.88358670,128.57486420,"경상남도 거제시 사등면 사곡리 산 87-19번지",BE,...
BE250111,"워터 제주 애월읍사무소",33.46246710,126.32977370,"제주특별자치도 제주시 애월읍 일주서로 6322",BE,...
BE250114,"워터 제주 김녕리공영주차장",33.55867840,126.76315150,"제주특별자치도 제주시 구좌읍 김녕리 486-2",BE,...
BE250115,"워터 제주 동백동산탐방안내소주차장",33.50961360,126.71512960,"제주특별자치도 제주시 조천읍 동백로 77",BE,...
BE250116,"워터 제주 우도면사무소",33.50643900,126.95340060,"제주특별자치도 제주시 우도면 우도로 153",BE,...
BE250118,"워터 제주 노루생태관찰원",33.44438950,126.62747930,"제주특별자치도 제주시 봉개동  2750",BE,...
BE250124,"워터 제주 광역해상교통관제센터주차장",33.52714890,126.54358260,"제주특별자치도 제주시 임항로 191",BE,...
BE250125,"워터 제주 서귀포강정크루즈터미널",33.22829190,126.47704920,"제주특별자치도 서귀포시 말질로 259",BE,...
BE250145,"워터 전주교통",35.85938270,127.10660110,"전북특별자치도 전주시 덕진구 신복로 102-34",BE,...
BE250146,"워터 제주 우진운수",33.51271330,126.56056880,"제주특별자치도 제주시 선반로4길 26",BE,...
BE250147,"워터 의정부 부민운수",37.73935700,127.08526670,"경기도 의정부시 용민로61번길 58 부민운수",BE,...
BE250148,"워터 남원 대한교통",35.41174460,127.37370470,"전북특별자치도 남원시 의서길 28",BE,...
BE250152,"워터 동두천 소요별앤숲테마파크 제2주차장",37.95065980,127.06529700,"경기도 동두천시 상봉암동 산21-3",BE,...
BE250153,"워터 동두천 자연휴양림 방문자센터주차장",37.89149620,127.13706760,"경기도 동두천시 탑동동 산16",BE,...
BE250154,"워터 동두천 놀자숲 테마파크 입구주차장",37.88539030,127.13696320,"경기도 동두천시 탑동동 산33",BE,...
BE250155,"워터 거제 능포수변공원 우측공영주차장",34.88646000,128.73500000,"경상남도 거제시 능포로15길 32",BE,...
BE250156,"워터 거제 성포해안도로 위판장좌측주차장",34.92091000,128.52450000,"경상남도 거제시 사등면",BE,...
BE250157,"워터 거제 성포해안도로 위판장우측주차장",34.92201000,128.52560000,"경상남도 거제시 사등면",BE,...
BE250158,"워터 제주 농업기술원 밭작물연구단지",33.45928000,126.40360000,"제주특별자치도 제주시 애월읍 곽납로 73-94",BE,...
BE250159,"워터 제주해양수산연구원 수산종자연구센터",33.55624000,126.82400000,"제주특별자치도 제주시 구좌읍 해맞이해안로 808",BE,...
BE250165,"워터 제주 대정농공단지 복합문화센터",33.25762060,126.22874790,"제주특별자치도 서귀포시 대정읍 일주서로3000번길 139",BE,...
BE250198,"워터 한국도로공사 용인지사",37.33247350,127.21639590,"경기도 용인시 처인구 모현읍 이일로 80-24",BE,...
BE250199,"워터 한국도로공사 파주지사",37.83134230,126.86943890,"경기도 파주시 법원읍 보광로 1754",BE,...
BE250201,"워터 한국도로공사 밀양지사",35.51058650,128.77904690,"경상남도 밀양시 산외면 남기리 844-1",BE,...
BE260401,"워터 고삼호수휴게소 세종방향",37.07589400,127.29423000,"경기 안성시 고삼면 삼은리 산 17-1",BE,...
BE260402,"워터 고삼호수휴게소 포천방향",37.07716000,127.29466700,"경기 안성시 고삼면 봉산리 산 11-9",BE,...
BE401904,"워터 태안 몽산포해수욕장",36.66878700,126.30474400,"충청남도 태안군 남면 달산리 865",BE,...
BE479201,"워터 봉화 국립백두대간수목원",37.00943900,128.82938400,"경상북도 봉화군 춘양면 춘양로 1501",BE,...
BE481401,"워터 부산 신평",35.08959800,128.96473500,"부산광역시 사하구 신평동 370-80",BE,...
BE482306,"워터 대구 반월당",35.86626900,128.59281900,"대구광역시 중구 달구벌대로 2095",BE,...
BE482503,"워터 보령 대천해수욕장",36.32443600,126.55448700,"충청남도 보령시 요암동 376",BE,...
BE483199,"워터 경남 거제식물원",34.85779200,128.57924800,"경상남도 거제시 거제면 거제남서로 3595",BE,...
BE490403,"워터 양양 서피비치",38.03070700,128.70662500,"강원특별자치도 양양군 현북면 동해대로 1631",BE,...
BKBKEV02,"BKEV초급속전기차충전소 서김해",35.21683600,128.84634100,"경상남도 김해시 금관대로 991",BK,...
BKBKEV03,"BKEV초급속전기차충전소 덕천",35.21904100,129.00613800,"부산광역시 북구 금곡대로 103",BK,...
BKBKEV04,"BKEV초급속전기차충전소 기장",35.24286070,129.22114040,"부산광역시 기장군 기장읍 기장대로 534",BK,...
BNAA0101,"은평구 갈현노인복지관",37.62487390,126.91864200,"서울특별시 은평구 통일로89길 12-6",BN,...
BNAA0104,"독산1동 공영주차장",37.46482200,126.89485000,"서울특별시 금천구 범안로12가길 65",BN,...
BNAA0105,"독산2동 공영주차장",37.46376800,126.89908000,"서울특별시 금천구 시흥대로98길 36",BN,...
BNAA0106,"독산3동 공영주차장",37.47963200,126.90645000,"서울특별시 금천구 독산로108길 44",BN,...
BNAA0107,"삼성체육공원 공영주차장",37.45479100,126.90903000,"서울특별시 금천구 독산로24마길 30",BN,...
BNAA0108,"시흥4동 효봉 공영주차장",37.46089300,126.91095200,"서울특별시 금천구 독산로50마길 6",BN,...
BNAA0109,"시흥4동 공영주차장",37.45915600,126.90833100,"서울특별시 금천구 독산로36나길 21",BN,...
BNAA0201,"중구구민회관 주차장",37.56832700,127.00566600,"서울특별시 중구 을지로39길 40",BN,...
BNAA0203,"보문동 주민센터",37.58030800,127.02276400,"서울특별시 성북구 안암로3길 35",BN,...
BNAA0302,"용산구 시설관리공단",37.54162700,126.96146400,"서울특별시 용산구 효창원로69가길 2",BN,...
BNAB0301,"한국무역보험공사 종로",37.56977400,126.97887100,"서울특별시 종로구 종로 14",BN,...
BNAB0510,"동산 공영주차장",37.55615300,127.01580800,"서울특별시 중구 다산로24가길 23",BN,...
BNAB0595,"서울 관악구 조원동 제1공영주차장",37.48103800,126.90571400,"서울특별시 관악구 조원중앙로2길 19",BN,...
BNABCDEF,블루네트웍스,36.86295700,127.14784700,"충청남도 천안시 서북구 업성3길 168",BN,...
BNAG3302,이앤씨6차,37.48516900,126.89272000,"서울특별시 구로구 디지털로31길 41",BN,...
BNAH3301,"생각공장 데시앙플렉스(성수동)",37.53947915,127.08428712,"서울특별시 성동구 아차산로17길 49",BN,...
BNAH3702,"신생중앙교회(서울 성북구)",37.61152400,127.06510700,"서울특별시 성북구 한천로76길 41",BN,...
BNAH3801,"성북구 보건소",37.60258700,127.03942000,"서울특별시 성북구 화랑로 63",BN,...
BNAI4405,"국민대 앞 공영주차장",37.60947200,126.99581500,"서울특별시 성북구 정릉로6가길 3",BN,...
BNAJ5402,서울본부세관,37.51830300,127.03396500,"서울특별시 강남구 언주로 721",BN,...
BNASDF01,천안수자원공사,36.74713300,127.14645000,"충청남도 천안시 동남구 풍세면 미죽리 121-8 한국수자원공사",BN,...
BNBA0301,"한국농어촌공사 평택지사",36.98350082,126.93662676,"경기도 평택시 안중읍 강변로 63",BN,...
BNBA0404,"경기 광주 고산지구 문화누리센터",37.73119480,127.09204220,"경기도 광주시 태봉로 193",BN,...
BNBG3202,"경기 수원 BK오피스텔",37.26401000,127.03632700,"경기도 수원시 팔달구 효원로307번길 69",BN,...
BNBG3203,"화성 W로드스타",37.22460300,127.07356600,"경기도 화성시 석우동 3-2",BN,...
BNBJ5401,"시흥 아리테스퀘어",37.36925700,126.81047600,"경기도 시흥시 능곡번영길 33",BN,...
BNBN0000,"전남 담양 담양고등학교",35.31509940,126.98235450,"전남 담양군 담양읍 천변7길 11 (천변리, 담양고등학교)",BN,...
BNBN0001,"대전 서구 한국마사회대전지사",36.35649400,127.36360570,"대전광역시 서구 월평중로 21",BN,...
BNBN0012,"전남 완도 완도군 보길면사무소",34.16910240,126.56762410,"전라남도 완도군 보길면 청별길 26-1",BN,...
BNBN0014,"경북 의성 의성경찰서",36.35533480,128.68696110,"경북 의성군 의성읍 홍술로 71-5 (원당리, 의성경찰서)",BN,...
BNBN0017,"충북 충주 지현동 공용주차장",36.96460100,127.93011140,"충북 충주시 지현동 1026",BN,...
BNBN0018,"부천시 공영주차장(법원 앞)",37.49038580,126.75660210,"경기도 부천시 원미구 부일로237번길 41",BN,...
BNBN0021,"시흥 목감119안전센터",37.38137570,126.85764830,"경기 시흥시 목감우회로 15 (조남동, 목감119안전센터)",BN,...
BNBN0023,"전남 나주 한국콘텐츠진흥원",35.01943490,126.78190330,"전남 나주시 교육길 35 (빛가람동, 한국콘텐츠진흥원)",BN,...
BNBN0026,"충남 아산 순천향대학교",36.76990600,126.93147300,"충청남도 아산시 신창면 순천향로 22",BN,...
BNBN0029,"전북 군산 엘타워호텔",35.96005940,126.69000740,"전북특별자치도 군산시 부곡1길 52",BN,...
BNBN0032,"전북 익산 로젠택배 익산지점",35.91849840,126.93685000,"전북특별자치도 익산시 목천로 56-31",BN,...
BNBN0035,"전북 익산 원광대학교",35.96448840,126.95274110,"전북특별자치도 익산시 익산대로 460",BN,...
BNBN0036,"경기 평택 평택대학교",36.99485930,127.13295520,"경기도 평택시 서동대로 3825",BN,...
BNBN0037,"서울 영등포구 KBS 별관",37.51866900,126.92911800,"서울특별시 영등포구 여의대방로 359",BN,...
BNBN0041,"보령 대천고등학교",36.36531070,126.60415170,"충남 보령시 대고로 58 (죽정동, 대천고등학교)",BN,...
BNBN0045,"충남 부여 한국전통문화대학교",36.30818600,126.89731700,"충남 부여군 규암면 백제문로 367 (합정리, 한국전통문화대학교)",BN,...
BNBN0046,"경남 거제 경남남부세관(관세청)",34.86570090,128.72366250,"경상남도 거제시 장승로 127",BN,...
BNBN0049,"경남 진주 경남도청 서부청사(공용)",35.21379170,128.12191990,"경남 진주시 월아산로 2026 (초전동, 경상남도청 서부청사)",BN,...
BNBN0050,"김해 동상시장 공영주차장",35.23514610,128.88402950,"경남 김해시 호계로499번길 4 (동상동)",BN,...
BNBN0052,"대구 과학 수사연구소",35.98831700,128.42346400,"경상북도 칠곡군 왜관읍 호국로 33-14",BN,...
BNBN0053,"대구 달성군 한국기계연구원",35.69152320,128.47248870,"대구 달성군 유가읍 테크노순환로 330 (용리, 한국기계연구원 대구융합기술센터)",BN,...
BNBN0054,"경북 경산 경산시청 별관1",35.82421580,128.74051560,"경북 경산시 중방동 869-13",BN,...
BNBN0055,"한국자산관리공사 경기 수원",37.27860850,127.04982470,"경기도 수원시 영통구 월드컵로150번길 33",BN,...
BNBN0056,"전주 팔복동 신복마을 공영주차장",35.85502330,127.10605040,"전북특별자치도 전주시 덕진구 신복5길 22 (팔복동1가)",BN,...
BNBN0057,"당진 서야고등학교",36.79225780,126.78418030,"충남 당진시 합덕읍 덕평로 335 (합덕리)",BN,...
BNBN0058,"서울 강북구 장미원시장 공영주차장",37.64449750,127.01191670,"서울 강북구 인수봉로78길 24 (수유동, 장미원시장 공영주차장)",BN,...
BNBN0059,"한국기계연구원 부산",35.16067440,128.86609600,"부산광역시 강서구 미음산단5로41번길 48",BN,...
BNBN0060,"철원 용화천 공원주차장",38.14364080,127.31018110,"강원특별자치도 철원군 갈말읍 신철원리 720",BN,...
BNBN0061,"포항 죽도시장",36.03634470,129.36726950,"경북 포항시 북구 칠성천길 124-1 (죽도동)",BN,...
BNBN0063,"중구 청구 공영주차장",37.55889750,127.01335520,"서울특별시 중구 다산로 174 (신당동, 청구공영주차장)",BN,...
BNBN0064,"전북 전주 기분조은주유소 ",35.87812980,127.06792750,"전북특별자치도 전주시 덕진구 기린대로 1090",BN,...
BNBN0066,"제주 서귀포 용산유스호스텔",33.24395910,126.45143330,"제주특별자치도 서귀포시 이어도로 297",BN,...
BNBN0067,"대전 유성구 구암역 환승주차장",36.35847400,127.30928290,"대전 유성구 유성대로 701 (구암동)",BN,...
BNBN0070,"서울 성북구 장위3동 마을공원 공영주차장",37.61717520,127.05285030,"서울 성북구 장위동 77-79",BN,...
BNBN0071,"중구 동산 공영주차장",37.55633430,127.01596930,"서울특별시 중구 다산로24가길 23 (신당동, 동산공영주차장)",BN,...
BNBN0072,"중구 신당동 공영주차장",37.56202320,127.01442550,"서울특별시 중구 다산로33길 3 (신당동, 신당동 공공복합청사)",BN,...
BNBN0074,"충북 보은 속리산법주사",36.53321600,127.82329200,"충청북도 보은군 속리산면 법주사로 287",BN,...
BNBN0076,"중구 중림어르신데이케어센터",37.55945590,126.96619310,"서울특별시 중구 서소문로6길 16 (중림동, 중림종합복지센터)",BN,...
BNBN0079,"중구 동화동 공영주차장",37.56149300,127.01889860,"서울특별시 중구 신당동 52-7",BN,...
BNBN0084,"서울 성북구 길음환승주차장",37.60405890,127.02579710,"서울 성북구 동소문로 260 (하월곡동, 길음역환승주차장)",BN,...
BNBN0085,"청양 남양초등학교",36.40103410,126.77682640,"충남 청양군 남양면 구용길 324 (구룡리, 남양초등학교)",BN,...
BNBN0090,"서울 강서구 마곡노블리안아파트",37.57156900,126.81761000,"서울특별시 강서구 방화대로44길 42",BN,...
BNBN0093,"충북 진천 진천읍시가지 공영주차타워",36.85652190,127.44703210,"충북 진천군 진천읍 읍내리 120-12",BN,...
BNBN0094,"김해 한국기계연구원",35.21805680,128.83921770,"경남 김해시 주촌면 골든루트로 80-140 (농소리)",BN,...
BNBN0095,"공주 석장리유적방문자센터",36.44768040,127.18859910,"충남 공주시 금벽로 990 (석장리동, 석장리박물관)",BN,...
BNBN0099,"아산 다문화세계시민교육센터",36.85650550,127.07789010,"충남 아산시 음봉면 월암로 234 (월랑리)",BN,...
BNBN0101,"서울 성북구 경동고 공영주차장 지하1층",37.58612200,127.01492900,"서울특별시 성북구 보문로29길 49",BN,...
BNBN0102,"서울 성북구 벤처창업지원센터 주차장",37.54506710,127.08171000,"서울 성북구 화랑로 211 (장위동, 성북벤처창업지원센터)",BN,...
BNBN0105,"영등포구 신길4동 1마을공원 공영주차장",37.50837410,126.91128320,"서울특별시 영등포구 신길로40길 5 (신길동, 신길4동 공원지하주차장)",BN,...
BNBN0106,"영등포구 대림어린이공원 공영주차장",37.49112740,126.90344010,"서울특별시 영등포구 대림로 106 (대림동, 대림어린이공원지하주차장)",BN,...
BNBN0107,"경북 경산 경산시청 별관2",35.82430100,128.74125640,"경북 경산시 중방동 716-1",BN,...
BNBN0108,"안산 월피예술도서관",37.33621620,126.84554540,"경기 안산시 상록구 월피동 491",BN,...
BNBN0110,"경기 의정부 경기북부청사",37.74735040,127.07188400,"경기도 의정부시 청사로 1",BN,...
BNBN0111,"대전 동구 홍도동 상점가 주차장",36.34799210,127.42927910,"대전 동구 한남로7번길 79-1 (홍도동)",BN,...
BNBN0112,"평택 소사벌 레포츠타운",36.98859500,127.10829170,"경기 평택시 합정동 392",BN,...
BNBN0115,"충남 천안 버들공원 공영주차장",36.82006190,127.10562410,"충청남도 천안시 서북구 불당26로 119",BN,...
BNBN0116,"함열 다송 전기차충전소",36.03753370,126.95646250,"전북특별자치도 익산시 함열읍 익산대로 1324-21",BN,...
BNBN0121,"대전 유성구 한국기계연구원",36.39738130,127.35971640,"대전 유성구 가정북로 156 (장동, 한국기계연구원)",BN,...
BNBN0123,"춘천 삼천동 공영주차장",37.87153450,127.69861680,"강원특별자치도 춘천시 삼천동 300",BN,...
BNBN0128,"아산 영인초등학교",36.85426000,126.95326950,"충남 아산시 영인면 여민루길 20 (아산리, 영인초등학교)",BN,...
BNBN0131,"칠원 구성 지구 공영주차장",35.30206600,128.51414300,"경상남도 함안군 칠원읍 원서로 89-33",BN,...
BNBN0138,"충남 보령 박지성 보령 축구트레이닝 센터",36.31908700,126.51858900,"충청남도 보령시 석서1길 30",BN,...
BNBN0139,"충북 청주 오송보건의료행정타운 식품의약품안전처",36.63963360,127.33065200,"충북 청주시 흥덕구 오송읍 오송생명2로 187 (연제리, 오송보건의료행정타운)",BN,...
BNBN0140,"충남 홍성 충남교육청 진로융합교육원",36.63725770,126.66662150,"충남 홍성군 홍북읍 신경리 1563",BN,...
BNBN0141,"충남 공주 충남교육연수원",36.49009520,127.14999820,"충남 공주시 금흥동 98-3",BN,...
BNBN0142,"충남 공주 공주교육지원청",36.46467610,127.12000950,"충남 공주시 금성동 79-2",BN,...
BNBN0143,"충남 보령 대천5동 행정복지센터",36.31711130,126.51503570,"충청남도 보령시 대천항로 204",BN,...
BNBN0144,"논산 강경상업고등학교",35.54127980,128.16934540,"충남 논산시 강경읍 계백로 220",BN,...
BNBN0145,"경남 합천 카누스테이션",35.54127980,128.16934540,"경상남도 합천군 대양면 대야로 572-7",BN,...
BNBN0146,"진주 국토안전관리원 인재교육관",35.17957650,128.14765340,"경남 진주시 충무공동 225-9",BN,...
BNBN0150,"전남 여수 한려지구",34.74469770,127.74257400,"전라남도 여수시 공화남2길 19-1",BN,...
BNBN0151,"화성 발안만세시장 제1공영주차장",37.13296740,126.91042140,"경기 화성시 향남읍 평리 36-3",BN,...
BNBN0153,부천아트센터,37.50291800,126.76591000,"경기 부천시 중동 1156",BN,...
BNBN0154,"영등포구 대림2동 중앙시장 공영주차장",37.49157180,126.89970460,"서울특별시 영등포구 디지털로37나길 21 (대림동)",BN,...
BNBN0156,"전남 여수 여수세관",34.75310760,127.67464500,"전남 여수시 웅천북로 39 (웅천동, 여수세관)",BN,...
BNBN0157,"서울 금천구 독산2동 공영주차장",37.46394000,126.89997500,"서울특별시 금천구 시흥대로98길 36",BN,...
BNBN0161,"경기 여주 교도소",37.23485860,127.54602120,"경기도 여주시 가남읍 양화로 107",BN,...
BNBN0169,금산교육지원청,36.10408250,127.48291550,"충청남도 금산군 금산읍 인삼로 14",BN,...
BNBN0170,홍성도서관,36.59963090,126.66713120,"충남 홍성군 홍성읍 충절로 1050 (오관리, 홍성도서관)",BN,...
BNBN0171,"전남 순천 웃장철골주차장",34.95849390,127.48587270,"전남 순천시 동외동 198-5",BN,...
BNBN0172,"충북 보은 국토관리사무소",36.48147320,127.70955460,"충북 보은군 보은읍 장신리 135-2",BN,...
BNBN0174,"충남 홍성 한용운 선생 생가지",36.56298710,126.55380840,"충남 홍성군 결성면 만해로318번길 83 (성곡리)",BN,...
BNBN0176,"천안 불당고등학교",36.80913430,127.10302100,"충남 천안시 서북구 불당29길 22 (불당동, 천안불당고등학교)",BN,...
BNBN0177,"영등포구 신길환승5호선 공영주차장",37.51771290,126.91450950,"서울특별시 영등포구 영등포동1가 35",BN,...
BNBN0178,"영등포구 대림1동 공영주차장",37.49314920,126.90163020,"서울특별시 영등포구 대림로22길 2 (대림동)",BN,...
BNBN0179,홍성고등학교,36.64990530,126.67274740,"충남 홍성군 홍북읍 홍학로 49 (신경리)",BN,...
BNBN0180,"영등포구 대림운동장 공영주차장",37.49970820,126.89464620,"서울특별시 영등포구 가마산로31길 16 (대림동, 대림운동장)",BN,...
BNBN0181,"경기 양주 감악산 주차장",37.91062700,126.96527420,"경기도 양주시 남면 감악산로514번길 120",BN,...
BNBN0182,"천안 업성고등학교",36.86177540,127.13742820,"충남 천안시 서북구 업성3길 65-11 (업성동)",BN,...
BNBN0183,"보령 충남교육청 해양수련원",36.31941950,126.51236480,"충남 보령시 대천항로 240 (신흑동, 충청남도교육청해양수련원)",BN,...
BNBN0185,"충남 계룡 종합사회복지관",36.27320770,127.23276690,"충남 계룡시 엄사면 문화1로 7 (유동리, 계룡시 종합사회복지관)",BN,...
BNBN0188,"논산 쌘뽈여자고등학교",36.20054160,127.08550480,"충남 논산시 시민로 411 (부창동, 쌘뽈여중고등학교)",BN,...
BNBN0190,"보령 보령교육지원청",36.35600850,126.58726250,"충남 보령시 보령북로 169 (대천동, 충청남도보령교육지원청)",BN,...
BNBN0192,"울산 북구 현대제철",35.53055400,129.39053300,"울산광역시 북구 염포로 706",BN,...
BNBN0194,"천안 오성고등학교",36.84137610,127.14250150,"충남 천안시 서북구 과수원길 27 (성성동, 천안오성고등학교)",BN,...
BNBN0195,"충북 옥천 옥천농협",36.32569130,127.53207120,"충청북도 옥천군 옥천읍 삼금로 21",BN,...
BNBN0198,"충남 천안 신당고등학교",36.85146890,127.15949940,"충남 천안시 서북구 신당새터2길 36 (신당동, 천안신당고등학교)",BN,...
BNBN0199,"충남 홍성 홍성교육지원청",36.59702270,126.67175130,"충남 홍성군 홍성읍 고암리 541-2",BN,...
BNBN0201,"양산 덕계시장 공영주차장",35.36979320,129.14712560,"경남 양산시 덕계동 754-1",BN,...
BNBN0202,"ETRI 부설국가보안기술연구소",36.40723000,127.38693500,"대전광역시 유성구 유성대로 1559",BN,...
BNBN0203,"경북 청도 범곡리 공영주차장",35.64686750,128.73289450,"경북 청도군 화양읍 범곡리 551",BN,...
BNBN0204,"전남 순천 자연휴양림",35.04625970,127.47727360,"전남 순천시 서면 청소년수련원길 170 (운평리, 순천자연휴양림)",BN,...
BNBN0206,"울산 울주군 서생구동지역",35.34560680,129.29321470,"울산 울주군 서생면 화산리 1235-5",BN,...
BNBN0207,"충남 예산 예산교육지원청",36.68976960,126.83166970,"충남 예산군 예산읍 역전로126번길 14 (산성리, 충청남도예산교육청)",BN,...
BNBN0208,"강원 철원 동송전통시장 주차장",38.20735030,127.22028690,"강원특별자치도 철원군 동송읍 이평리 684-22",BN,...
BNBN0210,"충남 천안 천안교육지원청",36.79998800,127.10978630,"충남 천안시 서북구 광장로 239 (불당동, 충청남도 천안교육지원청)",BN,...
BNBN0211,"화성 한국교통안전공단",37.22666930,126.76773100,"경기도 화성시 송산면 삼존리 621-1",BN,...
BNBN0212,"세종 나성동 복합커뮤니티센터",36.48902000,127.26436100,"세종특별자치시 갈매로 280",BN,...
BNBN0213,"서울 성북구 시네마빌딩 주차장",37.59915990,127.01471510,"서울 성북구 아리랑로12길 4 (돈암동)",BN,...
BNBN0214,"보령 미산중학교",36.28899030,126.67658900,"충남 보령시 미산면 판미로 1462-7 (도화담리, 미산초중학교)",BN,...
BNBN0215,"논산 연무고등학교",36.13464810,127.10412140,"충남 논산시 연무읍 동안로887번길 5 (동산리, 연무고등학교,연무여자중학교)",BN,...
BNBN0216,"충남 공주 중앙소방학교",36.52225760,127.05065800,"충남 공주시 사곡면 연수단지길 90 (계실리, 국민안전교육연구단지)",BN,...
BNBN0218,"충남 논산 연무대기계공고(연무 마이스터고등학교)",36.12532300,127.10663540,"충남 논산시 연무읍 연무로 268-9 (마산리, 연무대기계공고)",BN,...
BNBN0219,"금산 진산중학교",36.14038190,127.36621220,"충남 금산군 진산면 대둔산로 413 (읍내리)",BN,...
BNBN0220,"충남 천안 오성초등학교",36.83159870,127.13046770,"충남 천안시 서북구 오성5길 23 (두정동, 오성초등학교)",BN,...
BNBN0221,"충남 천안 가온중학교",36.78755690,127.15568690,"충남 천안시 동남구 청수6로 83 (청당동, 가온중학교)",BN,...
BNBN0223,"충남 홍성 충남교육청",36.65789740,126.67757020,"충남 홍성군 홍북읍 선화로 22 (신경리, 충청남도교육청)",BN,...
BNBN0224,홍성중학교,36.60091850,126.67546890,"충남 홍성군 홍성읍 충절로 994 (고암리)",BN,...
BNBN0226,"천안 월봉고등학교",36.80435950,127.11197950,"충남 천안시 서북구 불당11로 51 (불당동, 천안월봉고등학교)",BN,...
BNBN0227,"태안 화동초등학교",36.75391520,126.32030400,"충남 태안군 태안읍 중앙로 321 (평천리, 화동초등학교)",BN,...
BNBN0228,"화성 신동초등학교",37.17463070,127.13062360,"경기 화성시 신동 산 187-1",BN,...
BNBN0229,금산여자고등학교,36.10571890,127.48415400,"충남 금산군 금산읍 인삼로 21 (아인리, 금산여자고등학교)",BN,...
BNBN0230,"천안 두정중학교",36.83631560,127.13927490,"충남 천안시 서북구 두정중1길 26 (두정동, 두정중학교)",BN,...
BNBN0231,논산내동초등학교,36.18386370,127.10207810,"충남 논산시 중앙로 192 (내동)",BN,...
BNBN0232,"천안 성환고등학교",36.92336560,127.11622400,"충남 천안시 서북구 성환읍 신방로 354 (송덕리, 성환고등학교)",BN,...
BNBN0233,"경기 화성 함백산 추모공원",37.26897490,126.91131290,"경기 화성시 매송면 서해로 2448-32 (숙곡리)",BN,...
BNBN0234,"천안 서초등학교",36.82351710,127.13964120,"충남 천안시 서북구 서부16길 27 (성정동, 천안서초등학교)",BN,...
BNBN0237,"충남 당진 신평고등학교",36.88390500,126.76104800,"충청남도 당진시 신평면 서해로 7076",BN,...
BNBN0238,"충남 천안 청당초등학교",36.77998080,127.15153940,"충남 천안시 동남구 청당2길 94 (청당동, 천안청당초등학교)",BN,...
BNBN0239,"부산 사회종합복지센터",35.19774000,129.09053600,"부산광역시 동래구 낙민로 25",BN,...
BNBN0240,"충남 태안 태안교육지원청",36.75058520,126.29603650,"충남 태안군 태안읍 원이로 28 (남문리, 충청남도태안교육청)",BN,...
BNBN0241,"천안 불당초등학교",36.80604640,127.10892240,"충남 천안시 서북구 불당4로 39-21 (불당동, 천안불당초등학교)",BN,...
BNBN0242,"천안 신안초등학교",36.81424080,127.16219480,"충남 천안시 동남구 원성25길 21 (신부동, 천안신안초등학교)",BN,...
BNBN0243,"천안 신부초등학교",36.82257300,127.16033400,"충남 천안시 동남구 터미널5길 30 (신부동, 신부초등학교)",BN,...
BNBN0244,"천안 천안인애학교",36.87928860,127.17180320,"충남 천안시 서북구 성거읍 봉주로 229 (소우리, 천안인애학교)",BN,...
BNBN0245,"아산 아산성심학교",36.77632340,126.86315110,"충남 아산시 선장면 아산만로 368 (군덕리)",BN,...
BNBN0246,"충남 서산 종합운동장",36.79746910,126.43470870,"충남 서산시 갈산동 879-16",BN,...
BNBN0247,"양산 평산동 제1공영주차장",35.37922200,129.15251010,"경남 양산시 평산동 135-1",BN,...
BNBN0248,"경남 창원 경남도로관리사업소",35.23101280,128.64601360,"경남 창원시 성산구 창원대로 454 (대원동, 도로관리사업소)",BN,...
BNBN0249,"경남 창원 경남대표도서관",35.24927800,128.68259200,"경남 창원시 의창구 사림로45번길 59 (사림동, 경남대표도서관)",BN,...
BNBN0250,"전남 여수 문수지구 도시재생뉴딜사업",34.75943300,127.70502000,"전라남도 여수시 문수북1길 38-13",BN,...
BNBN0251,"전남 순천 좌야초등학교",34.93051940,127.54491070,"전남 순천시 해룡면 좌야로 77-9 (신대리)",BN,...
BNBN0252,"전남 순천 순천여자고등학교",34.94908530,127.48312530,"전남 순천시 저전길 54 (저전동, 순천여자고등학교)",BN,...
BNBN0254,"보령 해양과학고등학교",36.31917830,126.51374280,"충남 보령시 대천항로 212 (신흑동, 대천서중학교, 충남해양과학고등학교)",BN,...
BNBN0255,"천안 서당초등학교",36.80385180,127.11397570,"충남 천안시 서북구 불당11로 63 (불당동, 천안서당초등학교)",BN,...
BNBN0256,"충남 천안 백석중학교",36.81910550,127.12180020,"충남 천안시 서북구 백석1길 56 (백석동, 백석중학교)",BN,...
BNBN0257,"서울 성북구 삼선동 공영주차장",37.58457420,127.00746950,"서울 성북구 삼선동1가 278-6",BN,...
BNBN0258,"천안 두정초등학교",36.83632120,127.14691790,"충남 천안시 서북구 두정역서1길 10 (두정동, 천안두정초등학교)",BN,...
BNBN0259,"청양 운곡초등학교",36.52452030,126.84606650,"충남 청양군 운곡면 청신로 882 (신대리, 운곡초등학교)",BN,...
BNBN0260,"전북 김제 김제시청",35.80335320,126.88060150,"전북특별자치도 김제시 중앙로 40 (서암동, 김제시청)",BN,...
BNBN0262,"전남 순천 순천교육지원청",34.94834700,127.51690800,"전라남도 순천시 연향2로 15",BN,...
BNBN0263,"충남 청양 청신여자중학교",36.44177950,126.80012870,"충남 청양군 청양읍 학사길 5-101 (벽천리, 청신여자중학교)",BN,...
BNBN0266,한반도통일미래센터,38.00281400,127.00708200,"경기도 연천군 전곡읍 남계로 408",BN,...
BNBN0267,"천안 새샘중학교",36.77613290,127.13762930,"충남 천안시 동남구 통정6로 49 (신방동, 천안새샘중학교)",BN,...
BNBN0268,"충남 계룡 용남고등학교",36.29436820,127.24492000,"충남 계룡시 신도안면 신도안1길 32 (남선리, 용남고등학교)",BN,...
BNBN0270,"중구 중구구민회관 부설주차장",37.56847950,127.00605010,"서울특별시 중구 을지로39길 40 (을지로6가, 구민회관)",BN,...
BNBN0271,"충남 천안 신대초등학교",36.83820360,127.14294000,"충남 천안시 서북구 성정두정로 130 (두정동, 신대초등학교)",BN,...
BNBN0272,"전북 정읍 정읍교육지원청",35.57145560,126.85219340,"전북 정읍시 충정로 276 (수성동, 정읍교육지원청)",BN,...
BNBN0273,"충남 천안 나사렛새꿈학교",36.79620410,127.11852610,"충남 천안시 서북구 월봉로 48 (쌍용동, 나사렛대학교)",BN,...
BNBN0274,"서울 강서구 등촌2-1공영주차장",37.54978000,126.86135200,"서울특별시 강서구 등촌로55길 33-16",BN,...
BNBN0275,"충남 천안 충남교육청 학생교육문화원",36.80941350,127.15683060,"충남 천안시 동남구 옛농고1길 41 (원성동, 충청남도학생교육문화원)",BN,...
BNBN0276,"대전 유성구 한국표준과학연구원",36.39190230,127.37164530,"대전 유성구 도룡동 산 28",BN,...
BNBN0277,"천안 신방중학교",36.79025860,127.12651640,"충남 천안시 동남구 신촌4로 46 (신방동, 신방중학교)",BN,...
BNBN0278,"부여 부여교육지원청",36.26942440,126.92910070,"충남 부여군 부여읍 금성로 69-10 (가탑리, 부여교육청)",BN,...
BNBN0279,"서울 금천구 독산4동 공영주차장",37.46960300,126.90441000,"서울특별시 금천구 독산로78다길 9",BN,...
BNBN0280,"충남 당진 터미널 공영주차장",36.90263620,126.64618910,"충남 당진시 밤절로 149 (수청동, 당진공영버스터미널)",BN,...
BNBN0282,"논산 대건고등학교",36.18016200,127.07448550,"충남 논산시 논산대로 119 (등화동)",BN,...
BNBN0283,"충남 보령 주산산업고등학교",36.19811900,126.63601400,"충청남도 보령시 주산면 만세운동길 58",BN,...
BNBN0284,"예산 덕산고등학교",36.66625860,126.68297210,"충남 예산군 삽교읍 예학로 138 (목리, 덕산고등학교)",BN,...
BNBN0286,"천안 불당중학교",36.80460670,127.11049680,"충남 천안시 서북구 불당11로 35 (불당동, 불당중학교)",BN,...
BNBN0288,논산여자고등학교,36.19502870,127.09233500,"충남 논산시 중앙로 325 (취암동, 논산여자고등학교)",BN,...
BNBN0289,"연천 전곡역",38.02541590,127.07111360,"경기도 연천군 전곡읍 전곡역로 75",BN,...
BNBN0290,"부산 남구 우암 부두",35.12122800,129.07724900,"부산광역시 남구 우암로 241",BN,...
BNBN0291,"천안 월봉중학교",36.80141690,127.11076420,"충남 천안시 서북구 광장로 245 (불당동, 천안월봉중학교)",BN,...
BNBN0292,"천안 용소초등학교",36.78908540,127.13584640,"충남 천안시 동남구 일봉로 82-18 (용곡동, 천안용소초등학교)",BN,...
BNBN0293,"아산 신광초등학교",36.78888890,126.96941390,"충남 아산시 서부북로 993 (배미동, 신광초등학교)",BN,...
BNBN0294,"아산 온양용화중학교",36.77460430,127.00658800,"충남 아산시 어의정로 101 (온천동, 온양용화중학교)",BN,...
BNBN0295,"천안 용곡중학교",36.78946950,127.13333200,"충남 천안시 동남구 새말1길 51-14 (용곡동, 천안용곡중학교)",BN,...
BNBN0296,"천안 버들유치원",36.81903520,127.10562120,"충남 천안시 서북구 불당23로 41 (불당동, 천안버들유치원)",BN,...
BNBN0297,"서산 서산교육지원청",36.78704690,126.44324580,"충남 서산시 문화로 112 (읍내동, 서산교육청)",BN,...
BNBN0298,"서산 충남교육청 서부평생교육원",36.76968280,126.46455280,"충남 서산시 동서1로 41-4 (석림동, 서부평생학습관)",BN,...
BNBN0300,"전남 순천 매안초등학교",34.93064410,127.55246720,"전남 순천시 해룡면 좌야로 16 (신대리, 매안초등학교)",BN,...
BNBN0301,"전남 순천 복성고등학교",34.94656000,127.54434040,"전남 순천시 해룡면 복성길 17 (복성리, 복성고등학교)",BN,...
BNBN0304,"전남 순천 효천고등학교",34.90366990,127.48540890,"전남 순천시 녹색로 1360 (대룡동, 효천고등학교)",BN,...
BNBN0305,"전남 순천 삼산중학교",34.93403800,127.55618200,"전라남도 순천시 해룡면 매안로 84",BN,...
BNBN0306,"서산 성봉학교",36.83372690,126.50028610,"충남 서산시 성연면 명천1길 181-16 (명천리, 서산성봉학교)",BN,...
BNBN0307,"아산 배방고등학교",36.76906590,127.06648730,"충청남도 아산시 배방읍 배방산길359번길 61",BN,...
BNBN0308,건양고등학교,36.14132330,127.23312290,"충청남도 논산시 양촌면 황산벌로 486-21",BN,...
BNBN0309,"서산 대철중학교",36.80436840,126.57867000,"충남 서산시 운산면 해운로 1111 (갈산리, 대철중학교)",BN,...
BNBN0310,"계룡 엄사중학교",36.28746720,127.23005050,"충남 계룡시 엄사면 번영11길 3 (엄사리)",BN,...
BNBN0311,"서산 서령고등학교",36.79356970,126.45874190,"충남 서산시 서령로 117-1 (동문동, 서령고등학교)",BN,...
BNBN0313,"경기 군포 산본로데오거리주차타워",37.36148090,126.93301700,"경기 군포시 금정동 845-1",BN,...
BNBN0314,"아산 온양중학교",36.77394410,126.99835300,"충청남도 아산시 온중로 48",BN,...
BNBN0317,"서울 성북구 장위1동 동방고개 공영주차장",37.61468440,127.04098970,"서울 성북구 장위로13길 9 (장위동, 공영주차장)",BN,...
BNBN0318,"전북 군산 군산교육지원청",35.96594000,126.73769500,"전북특별자치도 군산시 조촌로 22",BN,...
BNBN0319,"보령 대천여자고등학교",36.36063230,126.58415210,"충남 보령시 중앙로 264 (대천동, 대천여자고등학교)",BN,...
BNBN0320,"서울 금천구 시흥3동 공영주차장",37.44312100,126.90580600,"서울특별시 금천구 시흥대로28길 35-9",BN,...
BNBN0321,"세종특별자치시 광역정신건강 복지지원센터",36.49651500,127.31852300,"세종특별자치시 시청대로 566",BN,...
BNBN0322,"서울 금천구 가산동 공영주차장",37.47680100,126.89561000,"서울특별시 금천구 시흥대로153길 53",BN,...
BNBN0323,"천안 천안능수초등학교",36.77147950,127.15800980,"충남 천안시 동남구 청당용평로 112 (청당동)",BN,...
BNBN0325,"서울 금천구 가산동 가산디지털 서측노외",37.48548100,126.88039200,"서울특별시 금천구 가산디지털1로 230",BN,...
BNBN0326,"영등포구 대림3동 공영주차장",37.49788010,126.90044160,"서울특별시 영등포구 대림동 745-1",BN,...
BNBN0328,"영등포구 영등포제3공영주차장",37.51700700,126.90414190,"서울특별시 영등포구 문래로 196 (영등포동4가, 영등포구 관광정보센터)",BN,...
BNBN0329,"영등포구 당산1동 공영주차장",37.52723900,126.89765890,"서울특별시 영등포구 양산로 147 (당산동3가)",BN,...
BNBN0333,"전북 완주 국립축산과학원",35.82104730,127.05445550,"전북특별자치도 완주군 이서면 콩쥐팥쥐로 1500",BN,...
BNBN0343,"천안 봉서초등학교",36.81246270,127.13125340,"충남 천안시 동남구 봉서10길 12 (봉명동, 봉서초등학교)",BN,...
BNBN0344,"충남 아산 충남외국어고등학교",36.80400530,127.06145420,"충남 아산시 탕정면 탕정면로 53-60 (명암리, 충남외국어고등학교)",BN,...
BNBN0345,"아산 북수초등학교",36.76806260,127.07691410,"충남 아산시 배방읍 북수리 299-24",BN,...
BNBN0347,"충남 천안 천안여자고등학교",36.77858330,127.16917660,"충남 천안시 동남구 삼룡3길 30 (삼룡동, 천안여자고등학교)",BN,...
BNBN0348,"천안 가람초등학교",36.84306600,127.12429760,"충남 천안시 서북구 성성동 828",BN,...
BNBN0350,"경남 함양 국립축산과학원-가축유전자원센터",35.71979040,127.68596450,"경남 함양군 서상면 덕유월성로 224 (상남리, 가축유전자원센터)",BN,...
BNBN0351,"진주 경상남도교육청학생안전체험교육원",35.16654170,128.16685440,"경남 진주시 문산읍 동부로588번길 20 (삼곡리)",BN,...
BNBN0352,"경남 통영 스탠포드 호텔",34.82454110,128.43942050,"경상남도 통영시 도남로 347",BN,...
BNBN0353,"전남 순천 순천고등학교",34.94550840,127.48615560,"전남 순천시 우석로 191 (인제동)",BN,...
BNBN0355,"전남 순천 순천공업고등학교",34.95726910,127.51604610,"전남 순천시 유동길 50 (조례동, 순천공업고등학교)",BN,...
BNBN0356,"경남 창원 여성가족재단",35.23473280,128.68710390,"경상남도 창원시 성산구 용지로 240",BN,...
BNBN0358,"전남 고흥 고흥고등학교",34.60647950,127.29357330,"전남 고흥군 고흥읍 학교길 23 (호형리, 고흥고등학교)",BN,...
BNBN0365,"세종 세종테크노파크",36.59288740,127.29254970,"세종특별자치시 조치원읍 군청로 87-16",BN,...
BNBN0367,"서울 성북구보건소",37.60266700,127.03956900,"서울특별시 성북구 화랑로 63",BN,...
BNBN0368,"서울 성북구 정릉4동 공동주차장",37.61258790,127.01163490,"서울 성북구 정릉동 266-56",BN,...
BNBN0369,"인천 남동구 통계청",37.44611480,126.70346220,"인천 남동구 구월동 1460",BN,...
BNBN0372,"성남 중원노인종합복지관",37.43202220,127.13152920,"경기 성남시 중원구 성남동 3439",BN,...
BNBN0373,"대전 중구 대전한밭도서관",36.30960390,127.40918870,"대전 중구 문화동 145-3",BN,...
BNBN0374,"당리동 샛별공원 공영주차장",35.10230800,128.98143400,"부산광역시 사하구 낙동대로356번길 55",BN,...
BNBN0376,"청양 청양교육지원청",36.46074290,126.79988270,"충남 청양군 청양읍 중앙로 252 (학당리, 청양교육지원청)",BN,...
BNBN0377,"충남 천안 충남교육청 평생교육원",36.77172660,127.20492180,"충남 천안시 동남구 목천읍 충절로 843 (신계리, 충남평생교육원)",BN,...
BNBN0378,"경북 구미 구미전자공업고등학교",36.11386550,128.40383850,"경북 구미시 임수동 278",BN,...
BNBN0379,"전남 장성 광주과학수사연구소",35.24027310,126.83238820,"전라남도 장성군 남면 나노산단5로 60-15",BN,...
BNBN0380,"서울 금천구 시흥1동 공영주차장",37.45090300,126.89663400,"서울특별시 금천구 시흥대로51길 93",BN,...
BNBN0381,"서울 금천구 시흥2동 공영주차장",37.45844100,126.91071000,"서울특별시 금천구 독산로36나길 63",BN,...
BNBN0382,"생각공장 데시앙플렉스",37.54648630,127.06536230,"서울특별시 성동구 아차산로17길 49",BN,...
BNBN0385,"서울 광진구 화양동 트레비앙오피스텔",37.54758864,127.07120968,"서울특별시 광진구 광나루로 374",BN,...
BNBN0387,"천안 목천고등학교",36.78202950,127.23269590,"충남 천안시 동남구 목천읍 서리 54-1",BN,...
BNBN0388,"청양 정산초등학교",36.41637640,126.94566240,"충남 청양군 정산면 서정리 34",BN,...
BNBN0389,"충남 당진 당진교육지원청",36.87559610,126.64520940,"충남 당진시 대덕동 1807",BN,...
BNBN0390,"천안 일송 빌딩",36.79332000,127.12841600,"충청남도 천안시 동남구 서부대로 285",BN,...
BNBN0392,"아산 온양용화고등학교",36.77372830,127.00323040,"충남 아산시 용화동 39-9",BN,...
BNBN0393,"논산 중앙초등학교",36.19092940,127.09193260,"충남 논산시 내동 1072",BN,...
BNBN0395,"천안 신용초등학교",36.79092590,127.13217300,"충남 천안시 동남구 신방동 40",BN,...
BNBN0396,"논산 성광온누리학교",36.19247360,127.01229830,"충남 논산시 성동면 병촌리 351",BN,...
BNBN0397,"충남 논산 충남교육청 남부평생교육원",36.19641600,127.08616590,"충남 논산시 부창동 77",BN,...
BNBN0398,"충남 천안 천안농업기술센터",36.77552410,127.20741380,"충남 천안시 동남구 목천읍 목천안터1길 15 (신계리, 농업기술센터)",BN,...
BNBN0399,"충남 천안 환서초등학교",36.82857580,127.12233360,"충남 천안시 서북구 한들2로 34-41 (백석동, 환서초등학교)",BN,...
BNBN0400,"밀양 스마트팜 혁신밸리 지원센터",35.45102920,128.78854110,"경남 밀양시 삼랑진읍 임천리 1275",BN,...
BNBN0403,"진주 경상남도교육청유아교육원 진주체험분원",35.20062630,128.22218060,"경남 진주시 진성면 가진리 40",BN,...
BNBN0405,"전남 나주 한전KPS인재개발원",34.95557040,126.84859860,"전남 나주시 다도면 판촌리 1414",BN,...
BNBN0408,"대전 유성구 국립중앙과학관",36.37558970,127.37661190,"대전 유성구 대덕대로 481 (구성동, 국립중앙과학관)",BN,...
BNBN0409,전북테크비즈센터,35.83637600,127.06820300,"전북특별자치도 전주시 덕진구 오공로 123",BN,...
BNBN0410,"서울 성북구 장위제일교회",37.61722700,127.05279800,"서울특별시 성북구 장월로38길 29",BN,...
BNBN0411,"서울 성북구 신생중앙교회",37.61151500,127.06514700,"서울특별시 성북구 한천로76길 41",BN,...
BNBN0412,"경기 안산 월피체육문화센터",37.33458300,126.85585800,"경기도 안산시 상록구 시낭로 45",BN,...
BNBN0413,"서울 성북구 벧엘교회",37.61277900,127.00580000,"서울특별시 성북구 솔샘로17길 8",BN,...
BNBN0414,"영등포구 영등포본동 제1공영주차장",37.51439780,126.90916440,"서울특별시 영등포구 영신로10길 15 (영등포동)",BN,...
BNBN0415,"충북 청주 오송첨단의료산업진흥재단",36.63482600,127.32447200,"충청북도 청주시 흥덕구 오송읍 오송생명로 123",BN,...
BNBN0416,"영등포구 영등포여자고등학교",37.51524290,126.91540130,"서울특별시 영등포구 영등포로62길 13 (신길동, 영등포여자고등학교)",BN,...
BNBN0417,"영등포구 양평유수지 공영주차장",37.52577760,126.88674290,"서울특별시 영등포구 국회대로22길 20 (양평동3가)",BN,...
BNBN0420,"전남 해남 공업고등학교",34.57168880,126.59315840,"전남 해남군 해남읍 남외2길 7 (남외리, 해남공업고등학교)",BN,...
BNBN0424,"군산 진포중학교",35.97247370,126.72225950,"전북 군산시 진포3길 66 (수송동, 진포중학교)",BN,...
BNBN0425,"전북 정읍 서남권추모공원",35.69405000,126.97950900,"전북특별자치도 정읍시 감곡면 정읍북로 1905",BN,...
BNBN0426,군산여자상업고등학교,35.95732640,126.70785210,"전북 군산시 신지길 42-8 (지곡동, 군산여자상업고등학교)",BN,...
BNBN0427,군산동고등학교,35.97057400,126.76723640,"전북 군산시 달여길 50 (개정동, 군산동고등학교)",BN,...
BNBN0428,군산명화학교,35.96582780,126.69048010,"전북 군산시 상나운1길 37 (나운동, 군산명화학교)",BN,...
BNBN0429,군산고등학교,35.97478970,126.72028600,"전북 군산시 팔마로 177 (동흥남동, 군산고등학교)",BN,...
BNBN0430,군산여자고등학교,35.98507930,126.70350750,"전북 군산시 월명1길 16 (월명동, 군산여자고등학교)",BN,...
BNBN0431,"전북 군산 전북외국어고등학교",35.98100310,126.68472850,"전북 군산시 해망로 525 (소룡동, 전북외국어고등학교)",BN,...
BNBN0432,군산기계공업고등학교,35.97647570,126.70004100,"전북 군산시 군중길 28 (송풍동, 군산기계공업고등학교)",BN,...
BNBN0433,"전북 군산 금빛초등학교",35.97957700,126.74236900,"전북특별자치도 군산시 궁포3로 48",BN,...
BNBN0436,"경기 의정부 고산지구 주차장",37.72977060,127.10800150,"경기도 의정부시 수암로 34",BN,...
BNBN0437,"대전 진잠동 행정복지센터",36.29974010,127.31643660,"대전 유성구 원내로 5 (원내동, 진잠동주민센터)",BN,...
BNBN0438,"전남 순천 청암고등학교",34.92921550,127.48989120,"전남 순천시 녹색로 1641 (덕월동, 순천청암대학)",BN,...
BNBN0439,천안동성중학교,36.90535440,127.12971850,"충남 천안시 서북구 성환읍 성환1로 138 (매주리, 천안동성중학교)",BN,...
BNBN0440,"전남 나주 전남교육청창의융합교육원 미래교육관",35.03614960,126.75180030,"전남 나주시 금천면 영산로 5695 (원곡리, 전라남도과학교육원)",BN,...
BNBN0441,"서산 성연유치원",36.83528570,126.46096370,"충남 서산시 성연면 옥동샘길 11-8 (왕정리)",BN,...
BNBN0444,"서산 대산중학교",36.93218290,126.44052130,"충남 서산시 대산읍 충의로 1856 (대산리, 대산중학교)",BN,...
BNBN0448,"경남 밀양 밀양교육지원청",35.46709800,128.76107970,"경남 밀양시 상남면 밀양대로 1522 (예림리, 밀양시교육청)",BN,...
BNBN0451,"전남 무안 낙지골목 무안1공영주차장",34.99095860,126.47315830,"전남 무안군 무안읍 무안중앙로 14 (성동리, 주차타워)",BN,...
BNBN0457,"부천 아트벙커",37.52140730,126.76748940,"경기도 부천시 오정구 삼작로 53",BN,...
BNBN0458,"경남 창원 경남기록원",35.24873860,128.68350480,"경남 창원시 의창구 사림동 133-1",BN,...
BNBN0459,"부산 장안사 진입도로변 노외공영주차장",35.37089208,129.24200196,"부산광역시 기장군 장안읍 장안로 373-40",BN,...
BNBN0460,"부산 좌천 재래시장 노외공영주차장",35.30936840,129.24318090,"부산광역시 기장군 장안읍 장곡길 178",BN,...
BNBN0461,"부산 길천마을 노외공영주차장",35.32881600,129.28586600,"부산광역시 기장군 장안읍 길천1길 35-2",BN,...
BNBN0462,"부산 기장시장 공영주차장",35.24352050,129.21509330,"부산광역시 기장군 기장읍 읍내로104번길 16",BN,...
BNBN0463,"부산 기장 제1공영주차장",35.24394790,129.21691410,"부산광역시 기장군 기장읍 차성동로 70",BN,...
BNBN0464,"부산 동부근린공원 공영주차장",35.24854900,129.21668200,"부산광역시 기장군 기장읍 차성동로 119",BN,...
BNBN0465,"부산 동산그린타워 노외공영주차장",35.24858760,129.21854100,"부산광역시 기장군 기장읍 차성동로122번길 30",BN,...
BNBN0466,"부산 청강리 기장병원 노외공영주차장",35.23797884,129.21804458,"부산광역시 기장군 기장읍 대청로71번길 17-3",BN,...
BNBN0467,"부산 수정산 공영주차장",35.13298174,129.04066416,"부산광역시 동구 수정공원로 63-1",BN,...
BNBN0468,"부산 장림 노외공영주차장",35.08222600,128.96708900,"부산광역시 사하구 장림로184번길 18",BN,...
BNBN0469,"부산 다대2동 공영주차장",35.05861292,128.98071323,"부산광역시 사하구 다송로84번길 68",BN,...
BNBN0470,"부산 서부산권장애인스포츠센터",35.10958440,128.94751630,"부산광역시 사하구 낙동남로1233번길 20",BN,...
BNBN0471,"부산 동삼2동 행정복지센터",35.06837900,129.08300710,"부산광역시 영도구 동삼오션로 27",BN,...
BNBN0474,"산림청 산림 교육원",37.73180300,127.17199900,"경기도 남양주시 진접읍 장현천로 197",BN,...
BNBN0475,"전남 담양 창평고등학교",35.23669340,127.00843810,"전남 담양군 창평면 창평로 582 (창평리)",BN,...
BNBN0476,"경기 광주 오포2동 행정복지센터",37.37765190,127.25457960,"경기 광주시 양벌로215번길 7 (양벌동)",BN,...
BNBN0479,"안산 더하이어티 오피스텔",37.29797620,126.76074760,"경기 안산시 단원구 성곡동 849",BN,...
BNBN0480,"서울 성북구 시온성교회",37.60215800,127.03546300,"서울특별시 성북구 종암로30길 50",BN,...
BNBN0483,"충남 아산 퍼스트빌리지",36.89709530,127.02766960,"충청남도 아산시 둔포면 해위안길 127",BN,...
BNBN0484,"충남 천안 오토스팟(마림남부주유소)",36.78194610,127.14972230,"충남 천안시 동남구 청당동 281-21",BN,...
BNBN0485,"광주 화정중학교",35.14414680,126.88209140,"광주 서구 화운로 53 (화정동, 화정중학교)",BN,...
BNBN0486,"서울 아동청소년예술교육센터",37.61936900,127.01787100,"서울특별시 강북구 솔샘로48길 14",BN,...
BNBN0489,"전남 해남 해남고등학교",34.57670840,126.59569180,"전남 해남군 해남읍 명문길 7 (구교리, 해남고등학교)",BN,...
BNBN0490,"보령 원산도(선촌항) 공영주차장",36.38143450,126.43194990,"충남 보령시 오천면 원산도리 623-2",BN,...
BNBN0493,경상남도교육연수원,35.24514230,128.68587450,"경남 창원시 의창구 사림로111번길 20 (사림동, 경상남도교육청 교육정보원)",BN,...
BNBN0494,"달성군 테크노스포츠센터",35.68481900,128.46371300,"대구광역시 달성군 유가읍 테크노순환로7길 38",BN,...
BNBN0496,해룡고등학교,35.26915440,126.51248200,"전라남도 영광군 영광읍 중앙로 120",BN,...
BNBN0499,"아산 이순신고등학교",36.77071350,127.09864080,"충남 아산시 배방읍 동방로 132 (세교리, 이순신고등학교)",BN,...
BNBN0500,"전남 해남 마산초등학교",34.61866050,126.57300180,"전남 해남군 마산면 은적사길 13 (화내리, 마산초등학교)",BN,...
BNBN0502,"경남 창원 회성종합시장 공영주차장",35.23287510,128.55937590,"경상남도 창원시 마산회원구 회성시장1길 16",BN,...
BNBN0503,"전남 무안 무안도시재생",34.98680370,126.47616330,"전남 무안군 무안읍 성남리 222-25",BN,...
BNBN0507,"영등포구 경부 제3녹지 공영주차장",37.51300670,126.92461060,"서울특별시 영등포구 영등포로 지하 405 (신길동, 경부제3녹지 지하공영주차장)",BN,...
BNBN0508,갈매멀티스포츠센터,37.62989890,127.11679390,"경기도 구리시 갈매중앙로 62",BN,...
BNBN0509,"부산 기장군 부산정관도서관",35.32649600,129.18452100,"부산광역시 기장군 정관읍 정관중앙로 138-11",BN,...
BNBN0510,"경남도청 후생복지관",35.23899000,128.69295200,"경상남도 창원시 의창구 중앙대로 300",BN,...
BNBN0511,"밀양 경남교육청특수교육원",35.39357850,128.73342330,"경남 밀양시 하남읍 대사길 77 (대사리)",BN,...
BNBN0512,"경상남도교육청 과학교육원",35.20148090,128.22588720,"경남 진주시 진성면 진의로 178-35 (가진리, 경남과학교육원)",BN,...
BNBN0514,"셀프킹EV 주차장",37.72203900,127.06041910,"경기도 의정부시 동일로 377",BN,...
BNBN0517,"영천 완산동 행정복지센터",35.96413490,128.94692480,"경북 영천시 완산동 502",BN,...
BNBN0523,"경주 한국수력원자력(주)",35.79444830,129.39033000,"경북 경주시 문무대왕면 불국로 1655 (장항리, 한국수력원자력주식회사)",BN,...
BNBN0525,"군산 동산중학교",35.94883830,126.70778310,"전북특별자치도 군산시 동지곡길 100",BN,...
BNBN0526,"경기도 시흥시 정왕동 상생파킹몰",37.34731340,126.73807500,"경기도 시흥시 마유로 356-15",BN,...
BNBN0527,강릉국토관리사무소,37.71735200,128.82463680,"강원특별자치도 강릉시 성산면 경강로 1247 (구산리, 강릉국도관리사무소)",BN,...
BNBN0529,"겸기 가평 어린이음악놀이터",37.82656600,127.51310300,"경기도 가평군 가평읍 중앙로 10",BN,...
BNBN0530,"경남교육청 종합복지관",35.05668700,128.39573800,"경상남도 고성군 회화면 회진로 296",BN,...
BNBN0531,"홍성 서해삼육초등학교",36.50652830,126.62749890,"충남 홍성군 광천읍 홍남로705번길 23 (광천리)",BN,...
BNBN0532,"태안교육지원청 교직원 관사",36.75330060,126.30100650,"충청남도 태안군 태안읍 중앙로 115",BN,...
BNBN0533,"천안 천안상업고등학교",36.86033690,127.16277430,"충남 천안시 서북구 상고1길 43-9 (신당동, 천안상업고등학교)",BN,...
BNBN0534,"천안 부영초등학교",36.75948030,127.17527160,"충남 천안시 동남구 목천읍 삼성5길 22-14 (삼성리, 천안부영초등학교)",BN,...
BNBN0535,"청양 정산중학교",36.41280510,126.95562460,"충남 청양군 정산면 역말길 42 (역촌리, 정산중학교)",BN,...
BNBN0537,"강원도 동해 과학화예비군훈련장",37.56485980,129.07342360,"강원특별자치도 동해시 마상천길 206-10 (만우동)",BN,...
BNBN0541,"포항 시립오천도서관",35.96848180,129.41661280,"경북 포항시 남구 오천읍 용덕리 263-1",BN,...
BNBN0543,"서울 영등포구 KBS 연구동",37.52699400,126.91495000,"서울특별시 영등포구 국회대로62길 4",BN,...
BNBN0547,"전남 고흥 스마트팜 혁신밸리",34.59388300,127.18308300,"전라남도 고흥군 도덕면 스마트팜길 74",BN,...
BNBN0550,"창원 감계중학교",35.30070400,128.58738700,"경상남도 창원시 의창구 북면 감계로 220",BN,...
BNBN0551,"천안 부성중학교",36.84285930,127.15901780,"충남 천안시 서북구 공대길 45-9 (부대동, 천안부성중학교)",BN,...
BNBN0552,"경남 양산 양산세관",35.38875400,129.05200500,"경상남도 양산시 상북면 상북중앙로 23",BN,...
BNBN0553,청양초등학교,36.45401860,126.80567330,"충청남도 청양군 청양읍 칠갑산로9길 29",BN,...
BNBN0554,"강원 속초세관",38.19618210,128.57901690,"강원특별자치도 속초시 청초호반로 183 (교동, 속초세관)",BN,...
BNBN0560,"서울 성북구 영암교회",37.60361450,127.02715810,"서울 성북구 정릉로 402-12 (돈암동, 영암교회)",BN,...
BNBN0561,"충남 천안 공주대학교 천안캠퍼스 (기초융합실습관)",36.85118110,127.15113520,"충남 천안시 서북구 천안대로 1223-24 (부대동, 공주대학교천안공과대학)",BN,...
BNBN0562,"충남 천안 공주대학교 천안캠퍼스 (산학협력관)",36.85118110,127.15113520,"충남 천안시 서북구 천안대로 1223-24 (부대동, 공주대학교천안공과대학)",BN,...
BNBN0563,"충남 공주 공주대학교 신관캠퍼스",36.46896270,127.14080710,"충남 공주시 공주대학로 56 (신관동, 공주대학교)",BN,...
BNBN0564,"충남 공주 공주대학교 옥룡캠퍼스",36.45194360,127.13252600,"충남 공주시 우금티로 753 (옥룡동, 공주대학교옥룡캠퍼스)",BN,...
BNBN0565,"충남 천안 차암초등학교",36.84459100,127.10597740,"충남 천안시 서북구 차암동 549",BN,...
BNBN0566,블루네트웍스,36.85464220,127.16496560,"충남 천안시 서북구 업성3길 168 (신당동)",BN,...
BNBN0567,"전북 익산 이리고등학교",35.94920110,126.95587090,"전북특별자치도 익산시 익산대로36길 35 (남중동, 이리고등학교)",BN,...
BNBN0568,"전북 전주 양현초등학교",35.84659250,127.07433290,"전북특별자치도 전주시 덕진구 만성동 1357-4",BN,...
BNBN0569,"전북 전주여자고등학교",35.83611610,127.14609700,"전북특별자치도 전주시 덕진구 인후동2가 35-1",BN,...
BNBN0570,"전북 전주 서곡초등학교",35.83281910,127.10036230,"전북특별자치도 전주시 완산구 효자동3가 1474",BN,...
BNBN0571,"전남 광양하이텍고등학교",34.98094380,127.59131510,"전남 광양시 광양읍 우산리 573",BN,...
BNBN0572,"전남 광양 골약중학교",34.93457800,127.67181200,"전라남도 광양시 도이2길 6",BN,...
BNBN0573,"전남 나주 한국농수산식품유통공사",35.01960080,126.78401140,"전남 나주시 빛가람동 347",BN,...
BNBN0574,"전남 나주 빛누리초등학교",35.02986230,126.78585180,"전남 나주시 빛가람동 25",BN,...
BNBN0575,"전남 나주 한아름초등학교",35.01277980,126.79756750,"전남 나주시 빛가람동 848",BN,...
BNBN0576,"전남 보성 득량남초등학교",34.75250680,127.18669220,"전남 보성군 득량면 해평리 588",BN,...
BNBN0577,"전남 보성고등학교",34.77562390,127.09350690,"전남 보성군 보성읍 용문리 200-1",BN,...
BNBN0578,"충남 당진 수청중학교",36.89001300,126.65229900,"충청남도 당진시 수청3로 42",BN,...
BNBN0579,"충남 당진 수청초등학교",36.88886400,126.65113000,"충청남도 당진시 수청2로 37",BN,...
BNBN0581,"서울광진구 구의2동복합청사",37.54745400,127.08996900,"서울특별시 광진구 천호대로136길 55",BN,...
BNBN0582,"서울 금천구 견인차량보관소",37.48317010,126.87580060,"서울 금천구 가산디지털2로 169-34 (가산동)",BN,...
BNBN0583,"대구 군위고등학교",36.24576150,128.57109970,"대구 군위군 군위읍 군청로 254-6 (정리, 군위고등학교)",BN,...
BNBN0584,"대구 경일여자고등학교",35.83671770,128.59702940,"대구 남구 효성로 37 (봉덕동, 경일여자중고등학교, 우봉아트홀)",BN,...
BNBN0585,"대구 새본리중학교",35.83921640,128.54097900,"대구 달서구 대명천로 167 (본리동, 새본리중학교)",BN,...
BNBN0586,"대구 상원고등학교",35.82246200,128.53838200,"대구광역시 달서구 월배로 241",BN,...
BNBN0588,"대구 외국어고등학교",35.86067200,128.49799800,"대구광역시 달서구 선원로11길 21",BN,...
BNBN0590,"대구 현풍고등학교",35.69712100,128.43910700,"대구 달성군 현풍읍 비슬로 675 (성하리, 현풍중.고등학교)",BN,...
BNBN0591,"대구 선명학교",35.99232530,128.61292880,"대구 동구 팔공산로 225 (덕곡동)",BN,...
BNBN0594,"대구 소선여자중학교",35.85281450,128.64980540,"대구 수성구 교학로8길 37 (만촌동, 소선여자중학교)",BN,...
BNBN0595,"인천 중구 인천세관",37.45777160,126.62881500,"인천 중구 서해대로 339 (항동7가, 인천세관)",BN,...
BNBN0596,"대전 유성구 대전세관",36.42156600,127.40713970,"대전 유성구 탑립동 693",BN,...
BNBN0599,"구로구 목감교 입구 주차장",37.49161640,126.86162440,"서울특별시 구로구 개봉동 480-5",BN,...
BNBN0600,"전남 여수 한국화학연구원",34.79382910,127.66000210,"전남 여수시 주삼동 1032-8",BN,...
BNBN0601,"충남 공주 경천중학교",36.32549700,127.15168900,"충청남도 공주시 계룡면 어사길 2",BN,...
BNBN0604,"대전 중구 태평1동 행정복지센터",36.32791200,127.39738500,"대전광역시 중구 동서대로1235번길 24-11",BN,...
BNBN0605,"경남 창원 대암고등학교",35.20762760,128.71126620,"경남 창원시 성산구 대방동 76",BN,...
BNBN0610,"공주 산림휴양마을",36.42346990,127.11835900,"충청남도 공주시 수원지공원길 222",BN,...
BNBN0611,천안농수산물센터,36.86081000,127.15019900,"충청남도 천안시 서북구 천안대로 1347",BN,...
BNBN0613,"경남 창원 경상남도교육청 본청",35.23421030,128.68786030,"경남 창원시 성산구 용호동 6-1",BN,...
BNBN0615,"경남 창원 경상남도교육청 2청사",35.23642130,128.68851560,"경남 창원시 성산구 용호동 8-2",BN,...
BNBN0619,블루테스트(박종범),36.85464220,127.16496560,"충남 천안시 서북구 업성3길 168 (신당동)",BN,...
BNBN0622,"고흥 팔영대교 스마트 복합쉼터",34.62939000,127.49193410,"전남 고흥군 영남면 우천리 산 1-1",BN,...
BNBN0626,"새만금 무궁화공원",35.81368200,126.48191700,"전북특별자치도 김제시 진봉면 새만금로 1502",BN,...
BNBN0627,"군산 공영주차장(조촌동 842-2)",35.97351700,126.73686500,"전북특별자치도 군산시 조촌안4길 9",BN,...
BNBN0628,"군산 공영주차장(회현면 세장리449)",35.91933600,126.74974000,"전북특별자치도 군산시 회현면 죽동2길 53",BN,...
BNBN0629,"군산 공영주차장(미장동 512-2)",35.96496700,126.73288300,"전북특별자치도 군산시 미장안8길 12",BN,...
BNBN0630,"군산 공영주차장(문화동 918-2)",35.97330200,126.70146900,"전북특별자치도 군산시 팔마로 4",BN,...
BNBN0631,"군산 공영주차장(문화동 885-6)",35.97633100,126.70447000,"전북특별자치도 군산시 문화안길 70-9",BN,...
BNBN0632,"군산 공영주차장(오룡동 931-9)",35.97974000,126.70667100,"전북특별자치도 군산시 오룡재길 3",BN,...
BNBN0633,"군산 공영주차장(수송동 855)",35.96197600,126.71666800,"전북특별자치도 군산시 수송안길 25",BN,...
BNBN0634,"군산 공영주차장(산북동 3543)",35.96783800,126.68219000,"전북특별자치도 군산시 칠성안2길 75",BN,...
BNBN0635,"군산 공영주차장(산북동 2619-9)",35.95894400,126.63071400,"전북특별자치도 군산시 옥성남길 31",BN,...
BNBN0641,"충남 천안 충청소방학교",36.81731100,127.19281700,"충청남도 천안시 동남구 태조산길 269",BN,...
BNBN0642,"마산 가포고등학교",35.16751440,128.57121720,"경상남도 창원시 마산합포구 가포로 262",BN,...
BNBN0643,"전남 구례 지리산 리조트",35.24782800,127.47496000,"전라남도 구례군 광의면 한국통신로 140",BN,...
BNBN0645,"대전 대화동 복합문화센터",36.36857000,127.40109300,"대전광역시 대덕구 대화서로 10",BN,...
BNBN0649,"부산 연제구 연일시장 공영주차장",35.18600800,129.08450100,"부산광역시 연제구 고분로13번길 8",BN,...
BNBN0656,"한국 서부발전 김포발전본부",37.60060800,126.58522700,"경기도 김포시 양촌읍 학운산단1로 76",BN,...
BNBN0657,"원미 공원",37.49854700,126.79569100,"경기도 부천시 원미구 소사로 457",BN,...
BNBN0660,"경기 시흥 해양생태 과학관",37.37187920,126.74481150,"경기도 시흥시 거북섬서로 35",BN,...
BNBN0661,"경기 시흥 은계어울림센터",37.43597600,126.79780000,"경기도 시흥시 수인로3247번길 33",BN,...
BNBN0663,"신안산 대학교",37.31161900,126.80647400,"경기도 안산시 단원구 신안산대학로 135",BN,...
BNBN0675,"김해 동부소방서",35.22873300,128.90118000,"경상남도 김해시 김해대로 2507",BN,...
BNBN0676,"김해서부소방서 율하119안전센터",35.17632700,128.82378500,"경상남도 김해시 율하4로 112",BN,...
BNBN0683,"경남 창원 내서중리 공영주차타워",35.24732000,128.50802200,"경상남도 창원시 마산회원구 내서읍 중리상곡로 71",BN,...
BNBN0686,"합천소방서 북부119안전센터",35.73428300,128.15671500,"경상남도 합천군 야로면 월광2길 5",BN,...
BNBN0687,"경북 경주 신라월성연구센터",35.83028390,129.21270970,"경북 경주시 황남동 407",BN,...
BNBN0740,"서울 관악구 행운동 제1공영주차장",37.47973300,126.96057300,"서울특별시 관악구 행운4길 21",BN,...
BNBN0741,"서울 금천구 금하마을 에코에너지센터",37.45311100,126.89146800,"서울특별시 금천구 금하로1다길 12",BN,...
BNBN0743,"서울 성북구 BT-IT 융합 센터 앞 공영주차장",37.60531700,127.03590300,"서울특별시 성북구 오패산로 11-22",BN,...
BNBN0744,"인천세관 통합검사장",37.42221700,126.61652500,"인천광역시 연수구 인천타워대로599번길 67",BN,...
BNBN0746,"전남 광양 마동중학교",34.95429000,127.68798900,"전라남도 광양시 느지매기길 7",BN,...
BNBN0752,"전남 나주 전남외국어고등학교",34.99382920,126.72308990,"전라남도 나주시 영나로 2434",BN,...
BNBN0753,"전남 무안고등학교",34.98141290,126.46714230,"전남 무안군 무안읍 성남1길 61-1 (성남리, 무안고등학교)",BN,...
BNBN0754,"전남 무안 복합 문화센터",34.98681700,126.47272800,"전라남도 무안군 무안읍 면성1길 130",BN,...
BNBN0756,"전남 여수 풋살경기장",34.74921520,127.71211240,"전라남도 여수시 여서동7길 39-8",BN,...
BNBN0758,목포세관,34.77309100,126.42522700,"전라남도 영암군 삼호읍 유수로 46",BN,...
BNBN0761,"해남 산이초등학교",34.64348600,126.44669000,"전라남도 해남군 산이면 비석길 95-2",BN,...
BNBN0764,"전북 익산초등학교",35.95443120,126.97977230,"전북특별자치도 익산시 동서로61길 27-38",BN,...
BNBN0766,"전북 익산 영만초등학교",35.94753800,126.93114500,"전북특별자치도 익산시 오산면 선화로4길 42-9",BN,...
BNBN0768,"전북 익산 전북기계공업고등학교",35.94908200,126.96115410,"전북특별자치도 익산시 인북로32길 41 (남중동, 전북기계공업고등학교)",BN,...
BNBN0769,"전북 익산 함열초등학교",36.07893910,126.96535290,"전북특별자치도 익산시 함열읍 함열8길 2",BN,...
BNBN0770,"전북 장수군청",35.64730430,127.52121960,"전북특별자치도 장수군 장수읍 호비로 10",BN,...
BNBN0772,"전북 전주 화정초등학교",35.87294410,127.13144580,"전북특별자치도 전주시 덕진구 세병로 55",BN,...
BNBN0774,"전북 전주 만성중학교",35.83671530,127.06638890,"전북특별자치도 전주시 덕진구 오공로 99",BN,...
BNBN0775,"전북 전주 아름유치원",35.83016540,127.07223100,"전북특별자치도 전주시 덕진구 정여립로 874",BN,...
BNBN0776,"전북 전주 만성초등학교",35.83679530,127.06543600,"전북특별자치도 전주시 덕진구 중동로 32 (중동, 전주만성초등학교)",BN,...
BNBN0777,"전북 전주 양현고등학교",35.84203120,127.05890750,"전북특별자치도 전주시 덕진구 틀못2길 9 (장동, 양현고등학교)",BN,...
BNBN0778,전주온빛초등학교,35.84236400,127.05667400,"전북특별자치도 전주시 덕진구 틀못3길 7",BN,...
BNBN0779,"전주 온빛중학교",35.84312300,127.05830100,"전북특별자치도 전주시 덕진구 틀못4길 10",BN,...
BNBN0780,"전북 전주제일고등학교",35.82154200,127.15836340,"전북특별자치도 전주시 완산구 관선5길 15",BN,...
BNBN0781,"전북 전주고등학교",35.82537370,127.15182680,"전북특별자치도 전주시 완산구 권삼득로 2",BN,...
BNBN0782,"전북 전주초등학교",35.82297250,127.13979140,"전북특별자치도 전주시 완산구 대동로 33",BN,...
BNBN0783,"전북 전주 완산초등학교",35.81027110,127.14351730,"전북특별자치도 전주시 완산구 매곡로 22",BN,...
BNBN0784,"전북 전주교육대학교",35.80913780,127.15510400,"전북특별자치도 전주시 완산구 서학로 50",BN,...
BNBN0785,"전북 전주 효자 엘르디움 에듀파크",35.80425210,127.10550780,"전북특별자치도 전주시 완산구 쑥고개로 375-19",BN,...
BNBN0786,"전주 효천초등학교",35.79946500,127.10523800,"전북특별자치도 전주시 완산구 효천중앙로 31",BN,...
BNBN0790,"충남 신서천 발전본부 동백마루",36.16369300,126.52952800,"충청남도 서천군 서면 춘장대로 130",BN,...
BNBN0791,"충남 아산 아산세교초등학교",36.77798700,127.09191500,"충청남도 아산시 배방읍 동방로 200",BN,...
BNBN0792,"충남 아산 아산갈산초등학교",36.79364500,127.06944400,"충청남도 아산시 탕정면 갈산교로 210",BN,...
BNBN0793,"충남 아산 탕정역 KJ타워",36.79425100,127.08409480,"충청남도 아산시 탕정면 한들물빛6로 32",BN,...
BNBN0795,"천안시 장애인종합체육관(반다비체육센터)",36.81374400,127.16938100,"충청남도 천안시 동남구 향교1길 104-38",BN,...
BNBN0796,"충남 천안 쌍용3동 행정복지센터",36.80306210,127.11917810,"충청남도 천안시 서북구 월봉로 138",BN,...
BNBN0798,"충남 청양 보건의료원 주차타워",36.45466440,126.80491670,"충남 청양군 청양읍 읍내리 265",BN,...
BNBN0807,"충북 청주 금천동 행정복지센터",36.62449630,127.49937380,"충청북도 청주시 상당구 쇠내로 50",BN,...
BNBN0819,"서울 구로구 구로구청(서울에너지공사)",37.49547030,126.88763910,"서울특별시 구로구 가마산로 245 (구로동, 구로구청)",BN,...
BNBN0820,"구로구 구로3동 주차장",37.48302460,126.89250440,"서울특별시 구로구 구로동 212-14",BN,...
BNBN0821,"구로구 구로동 주차장-sk허브",37.49570120,126.87164220,"서울특별시 구로구 구로동 642-116",BN,...
BNBN0822,"강서구 서울식물원 제2공영주차장",37.57062970,126.82989090,"서울특별시 강서구 양천로 291 (마곡동)",BN,...
BNBN0823,"관악구 신림동 제1공영주차장",37.47971090,126.91383930,"서울특별시 관악구 관천로 98",BN,...
BNBN0824,"관악구 난우중학교 공영주차장",37.46657370,126.92247820,"서울특별시 관악구 난곡로16길 32",BN,...
BNBN0825,"관악구 미성동 제4공영주차장",37.47643300,126.91972030,"서울특별시 관악구 난우10가길 2",BN,...
BNBN0826,"관악구 남부초등학교 공영주차장",37.48482160,126.92211620,"서울특별시 관악구 남부순환로163길 14",BN,...
BNBN0827,"관악구 당곡중학교 공영주차장",37.49205970,126.93312880,"서울특별시 관악구 봉천로13길 101",BN,...
BNBN0828,"관악구 보라매 제1공영주차장",37.48851580,126.93450370,"서울특별시 관악구 봉천로21길 38",BN,...
BNBN0830,"관악구 민방위교육장",37.46928970,126.91128140,"서울특별시 관악구 문성로16다길 135",BN,...
BNBN0831,"관악구 원신공영주차장",37.47010130,126.92928260,"서울특별시 관악구 양지길 63",BN,...
BNBN0832,"관악구 삼성동 제2공영주차장",37.46411660,126.93348570,"서울특별시 관악구 호암로16길 36",BN,...
BNBN0833,"광진구 자양4동 공영주차장",37.53867730,127.06818860,"서울특별시 광진구 자양동 5-5",BN,...
BNBN0834,"광진구 중곡3동마을공원 공영주차장",37.56995990,127.08465920,"서울특별시 광진구 중곡동 195-1",BN,...
BNBN0835,"구로구 오류1동 텃골공영주차장",37.49547240,126.83914950,"서울특별시 구로구 오류동 6-11",BN,...
BNBN0836,"도봉구 방학2동 제6공영주차장",37.67003890,127.03243430,"서울특별시 도봉구 방학동 396-25",BN,...
BNBN0837,"도봉구 방학2동 제4공영주차장",37.67000590,127.03728270,"서울특별시 도봉구 방학동 600-13",BN,...
BNBN0838,"도봉구 쌍문2동 제4공영주차장",37.66043460,127.03794370,"서울특별시 도봉구 방학로5길 51 (쌍문동)",BN,...
BNBN0839,"도봉구 방학2동 제3공영주차장",37.66812190,127.03160700,"서울특별시 도봉구 시루봉로15마길 13 (방학동, 방학2동 마을극장)",BN,...
BNBN0840,"도봉구 쌍문1동 제1공영주차장",37.64869040,127.03311740,"서울특별시 도봉구 우이천로38길 94 (쌍문동)",BN,...
BNBN0841,"도봉구 창2동 제3공영주차장",37.64391350,127.03724980,"서울특별시 도봉구 창동 623-42",BN,...
BNBN0842,"동작구 동작동 갯마을 공영주차장",37.49578580,126.98253470,"서울특별시 동작구 동작대로 213 (동작동, 동작동갯마을공영주차장)",BN,...
BNBN0843,"마포구 상암1공영주차장",37.57714320,126.89719930,"서울특별시 마포구 성암로 197",BN,...
BNBN0844,"서대문구 남가좌2동 제2공영주차장",37.58314280,126.92298530,"서울특별시 서대문구 명지대5길 10-8",BN,...
BNBN0845,"서대문구 남가좌2동 제1공영주차장",37.57679670,126.92192800,"서울특별시 서대문구 남가좌동 64-8",BN,...
BNBN0846,"서대문구 홍연초등학교 공영주차장",37.58172670,126.93141830,"서울특별시 서대문구 백련사길 55",BN,...
BNBN0847,"서대문구 북성초등학교 공영주차장",37.55886960,126.95194440,"서울특별시 서대문구 북아현로1나길 22",BN,...
BNBN0848,"서대문구 홍은1동 제1공영주차장",37.59850550,126.94953920,"서울특별시 서대문구 포방터2길 10 (홍은동, 홍은1동 제1공영주차장)",BN,...
BNBN0849,"서대문구 홍은1동 제4공영주차장",37.60139530,126.94908030,"서울특별시 서대문구 홍은동 11-24",BN,...
BNBN0850,"성동구 마장축산물시장 서문 공영주차장",37.57042280,127.03838130,"서울특별시 성동구 고산자로26길 6 (마장동, 마장축산물시장 서문 공영주차장)",BN,...
BNBN0851,"성동구 금호초등학교 공영주차장",37.55253730,127.02010470,"서울특별시 성동구 무수막길 69 (금호동2가, 금호초등학교)",BN,...
BNBN0852,"성동구 홍익동 공영주차장",37.56564670,127.03394320,"서울특별시 성동구 무학로10길 28 (홍익동, 홍익동 공영주차장)",BN,...
BNBN0853,"성동구 도선동 공영주차장",37.56563290,127.03112350,"서울특별시 성동구 무학로8길 8 (홍익동, 도선동공영주차장)",BN,...
BNBN0854,"성동구 성수1가1동 공영주차장",37.53995040,127.04636080,"서울특별시 성동구 성덕정1길 6 (성수동1가, 성수1가동 공영주차장)",BN,...
BNBN0855,"성동구 옥수유수지 공영주차장",37.54139180,127.01826280,"서울특별시 성동구 옥수동 77-3",BN,...
BNBN0856,"성동구 용답동 공영주차장",37.56456420,127.05429550,"서울특별시 성동구 용답29길 22 (용답동, 용답동공영주차장)",BN,...
BNBN0857,"성동구 용답동 용답제2공영주차장",37.56306460,127.05613970,"서울특별시 성동구 천호대로78길 9",BN,...
BNBN0858,"성동구 마장동 공영주차장",37.57005650,127.03509140,"서울특별시 성동구 청계천로10나길 38 (마장동, 마장동 공영주차장)",BN,...
BNBN0859,"송파구 석촌고분공영주차장",37.50099710,127.10282240,"서울특별시 송파구 석촌동 248",BN,...
BNBN0860,"송파구 삼전동 공영주차장",37.50026190,127.09583530,"서울특별시 송파구 백제고분로32길 25-17",BN,...
BNBN0861,"송파구 마천동 2공영주차장",37.50261700,127.14482160,"서울특별시 송파구 성내천로 299-7 (마천동, 마천동2공영주차장)",BN,...
BNBN0862,"송파구 천마공영주차장",37.50021280,127.15481530,"서울특별시 송파구 성내천로33가길 20 (마천동, 천마공영주차장)",BN,...
BNBN0863,"송파구 마천1공영주차장",37.49509070,127.15557450,"서울특별시 송파구 성내천로43길 6 (마천동, 마천1공영주차장)",BN,...
BNBN0864,"송파구 방이고분공영주차장",37.50849300,127.11539050,"서울특별시 송파구 오금로 219 (방이동, 방이백제고분)",BN,...
BNBN0865,"은평구 봉산도시자연공원지하 공영주차장",37.59764620,126.90399070,"서울특별시 은평구 가좌로11가길 지하 38-11 (신사동, 봉산도시자연공원 지하공용주차장)",BN,...
BNBN0866,"은평구 봉산터널 공영주차장",37.60146110,126.90314040,"서울특별시 은평구 신사동 산 34",BN,...
BNBN0869,"은평구 서신초교 지하 공영주차장",37.59219710,126.90750350,"서울특별시 은평구 은평터널로 150 (신사동, 서신초등학교)",BN,...
BNBN0870,"은평구 은평등기소 부지 임시 공영주차장",37.60047840,126.92738390,"서울특별시 은평구 응암동 95-1",BN,...
BNBN0871,"종로구 명륜동 와룡공영주차장",37.58859870,126.99549640,"서울특별시 종로구 명륜길 26 (명륜3가, 명륜동 와룡공영주차장 및 문화센터)",BN,...
BNBN0872,"종로구 북악팔각정",37.60155290,126.98066460,"서울특별시 종로구 북악산로 267 (평창동, 북악팔각정)",BN,...
BNBN0873,"종로구 명륜1가 공영주차장",37.58794770,126.99664080,"서울특별시 종로구 성균관로15길 10 (명륜1가, 명륜1가공영주차장)",BN,...
BNBN0874,"종로구 이화공영주차장",37.57655220,127.00556400,"서울특별시 종로구 율곡로19길 17-3",BN,...
BNBN0875,"종로구 창일 공영주차장",37.57487550,127.01505690,"서울특별시 종로구 창신동 82",BN,...
BNBN0876,"종로구 창삼 공영주차장",37.57634900,127.01252610,"서울특별시 종로구 창신동 23-346",BN,...
BNBN0877,"중랑구 까치공원 공영주차장",37.58356560,127.08764890,"서울특별시 중랑구 사가정로49길 56",BN,...
BNBN0878,"중랑구 봉화산역 공영주차장",37.61703350,127.09270310,"서울특별시 중랑구 신내로 208",BN,...
BNBN0890,"성동구 금호동1가 공영주차장",37.55073960,127.02664670,"서울특별시 성동구 금호동1가 636",BN,...
BNBN0891,"서대문구 서대문구청 제2부설주차장",37.58177490,126.93703080,"서울특별시 서대문구 홍은동 428-1",BN,...
BNBN0892,"관악구 관악초등학교",37.48060020,126.94330870,"서울특별시 관악구 청룡4길 49",BN,...
BNBN0904,"서울 둔촌주공",37.52452100,127.13639000,"서울특별시 강동구 양재대로84길 63",BN,...
BNBN0917,"충남 아산 신창중학교",36.79991300,126.93054800,"충청남도 아산시 신창면 천우물로 74",BN,...
BNBN0918,"충남 아산 음봉어울샘도서관",36.84363100,127.06865200,"충청남도 아산시 음봉면 음봉로 515-36",BN,...
BNBN0920,"경북 포항 흥해도서관",36.11233100,129.34281500,"경상북도 포항시 북구 흥해읍 흥해로81번길 46",BN,...
BNBN0921,"경남 거제 장승포도서관",34.86945600,128.73181500,"경상남도 거제시 신부로 34-6",BN,...
BNBN0927,"경남 김해 인제공원",35.24763270,128.90528180,"경남 김해시 삼방동 161-2",BN,...
BNBN0930,경기도교육청미래통일교육센터,37.97818240,126.91794030,"경기도 파주시 적성면 달빛길 54",BN,...
BNBN0932,"충남 당진 당진소방서",36.88576300,126.61791100,"충청남도 당진시 역천로 838",BN,...
BNBN0936,"인천 간석자유시장",37.46394200,126.71537570,"인천광역시 남동구 백범로 312-1",BN,...
BNBN0941,"전남 장흥 대한체육회 체육인교육센터",34.75488800,126.89217700,"전라남도 장흥군 부산면 지천길 52-25",BN,...
BNBN0946,"충남 아산 갈산중학교",36.79509500,127.05971900,"충청남도 아산시 탕정면 한내로 204-56",BN,...
BNBN0948,"충남 예산 예목유치원",36.66935900,126.68737000,"충청남도 예산군 삽교읍 예학로 187",BN,...
BNBN0952,"충남 금산 금산여자중학교",36.10545520,127.48285580,"충남 금산군 금산읍 인삼로 11 (아인리, 금산여자중학교)",BN,...
BNBN0957,"경북 영천 생활밀착형 국민체육센터",35.98251980,128.94260430,"경북 영천시 야사동 산 39-1",BN,...
BNBN0958,"강원 정선 고한12리 주차타워",37.20682550,128.84423600,"강원특별자치도 정선군 고한읍 고한리 120-5",BN,...
BNBN0959,"경북 영주 상망동 영남동산아파트",36.83146100,128.63483600,"경상북도 영주시 원당로225번길 23-16",BN,...
BNBN0961,"대전 창업열린공간 앵커건물",36.36116400,127.35182700,"대전광역시 유성구 궁동로2번길 81",BN,...
BNBN0962,"경기 여주교도소",37.22246030,127.54881860,"경기도 여주시 가남읍 양화로 107",BN,...
BNBN0963,"대전 한국연구재단 R&D정보평가센터",36.38537460,127.36577060,"대전 유성구 가정로 201 (가정동, 한국연구재단)",BN,...
BNBN0966,"충남 천안 장애인체육관",36.81392100,127.16939800,"충청남도 천안시 동남구 향교1길 104-38",BN,...
BNBN0967,"전남 무안 목포대학교 도림캠퍼스",34.91035817,126.43401293,"전라남도 무안군 청계면 영산로 1666",BN,...
BNBN0968,"경기 부천 송내사회체육관",37.48190250,126.76899230,"경기 부천시 소사구 경인로120번길 45 (송내동, 송내동 사회체육관)",BN,...
BNBN0970,"경기 동두천시 송내동 행정복지센터",37.87320040,127.07822060,"경기 동두천시 중앙로 31 (송내동)",BN,...
BNBN0973,"충남 테크노파크 제조기술융합센터",36.81671490,127.11038180,"충청남도 천안시 서북구 불당36길 63",BN,...
BNBN0978,"경기 안산 월피동 복지어울림센터",37.33399750,126.84416560,"경기 안산시 상록구 월피동 516-10",BN,...
BNBN0980,"충남 공주 검상농공단지 스마트 그린주차장",36.43120230,127.07340820,"충남 공주시 검상안길 156 (검상동, 대한콘스틸(주))",BN,...
BNBN0982,"충남 계룡 대실초등학교",36.26112800,127.25625700,"충청남도 계룡시 두마면 대실남북로 113",BN,...
BNBN0985,"대전 유성 화학연구원",36.38744200,127.36089200,"대전광역시 유성구 가정로 141",BN,...
BNBN0988,"서울 금천구 독산2동 마을공원 공영주차장",37.46380370,126.89930950,"서울특별시 금천구 시흥대로98길 27",BN,...
BNBN0990,"서울 양천구 보건소",37.51799700,126.85050000,"서울특별시 양천구 중앙로29가길 12",BN,...
BNBN0991,"서대문구 홍제견인차량보관소",37.59061840,126.94072750,"서울특별시 서대문구 홍제내길 227 (홍제동, 홍제견인차량보관소)",BN,...
BNBN0995,"충남 당진 혜성초등학교",36.89627600,126.65140000,"충청남도 당진시 수청중앙로 60",BN,...
BNBN0998,"전남 여수 오일허브코리아",34.81782890,127.75843060,"전남 여수시 망양로 1100 (신덕동)",BN,...
BNBN1000,"경남 양산 증산다누리터",35.31479900,129.00696520,"경상남도 양산시 물금읍 백호로 125 (범어리, 증산다누리터,양산시립 어린이영어도서관)",BN,...
BNBN1001,"충남 아산 충무고등학교",36.92880700,127.05370400,"충청남도 아산시 둔포면 둔포로38번길 145",BN,...
BNBN1002,"충남 아산 월천초등학교",36.77360500,127.07703500,"충청남도 아산시 배방읍 월천3길 10",BN,...
BNBN1003,"충남 천안 가람중학교",36.84109900,127.12425900,"충청남도 천안시 서북구 성성6로 40",BN,...
BNBN1007,"부산 연제 연산3동 행정복합타운",35.17296680,129.09311920,"부산 연제구 연수로208번길 16 (연산동, 연산3동 행정복합타운)",BN,...
BNBN1008,"충남 아산 아산세교중학교",36.77071350,127.09864080,"충남 아산시 배방읍 세교리 1564",BN,...
BNBN1009,"울산 울주 새울본부 복지관",35.35717500,129.32946200,"울산광역시 울주군 서생면 해맞이로 1017",BN,...
BNBN1013,"울산 북구 약수초등학교",35.65479616,129.35315128,"울산광역시 북구 중산10길 1",BN,...
BNBN1014,"충남 아산 모종중학교",36.77917800,127.02734900,"충청남도 아산시 못마루로 80",BN,...
BNBN1015,"경남 고성 책둠벙 도서관",34.97607610,128.31415370,"경남 고성군 고성읍 교사리 53",BN,...
BNBN1016,"충남 부여 합송초등학교",36.26596820,126.84574000,"충청남도 부여군 규암면 흥수로561번길 8",BN,...
BNBN1017,"전남 곡성 디톡스테라피 거점센터",35.27013360,127.31213700,"전라남도 곡성군 오곡면 오지리 946-4",BN,...
BNBN1019,"세종 평생교육원",36.53490760,127.26380510,"세종특별자치시 산울동 176",BN,...
BNBN1021,"경기 안성 서운면 행정복지센터",36.94303390,127.25937690,"경기 안성시 서운면 서운중앙길 23 (인리, 서운면사무소)",BN,...
BNBN1022,"대전 사회적경제혁신타운",36.35231540,127.45052130,"대전 동구 비래서로62번길 47 (가양동)",BN,...
BNBN1023,"서울 성북구 개운사",37.59023600,127.02821700,"서울특별시 성북구 개운사길 73",BN,...
BNBN1027,"전북 군산 군산대학교 (공대5호관)",35.94375840,126.67914000,"전북특별자치도 군산시 대학로 558",BN,...
BNBN1028,"전북 군산 군산대학교 (해양대1호관)",35.94171090,126.68276400,"전북특별자치도 군산시 대학로 558",BN,...
BNBN1029,"전북 군산 군산대학교 (인문관)",35.94617570,126.67989220,"전북특별자치도 군산시 대학로 558",BN,...
BNBN1030,"전북 군산 군산대학교 (두드림센터)",35.94770880,126.68451340,"전북특별자치도 군산시 대학로 558",BN,...
BNBN1040,"부산 부산세관 별관",35.10456210,129.03858720,"부산 중구 충장대로 20 (중앙동4가, 부산본부세관)",BN,...
BNBN1041,"충남 부여 한국전통문화대학교 전통문화교육원",36.30818600,126.89731700,"충남 부여군 규암면 백제문로 367 (합정리, 한국전통문화대학교)",BN,...
BNBN1045,"충남 계룡 국민체육센터",36.26388780,127.27848120,"충남 계룡시 두마면 두계리 1-2",BN,...
BNBN1046,"전남 화순 어울림센터",35.05539470,126.98203760,"전라남도 화순군 화순읍 삼천리 690-4",BN,...
BNBN1048,"전북 군산 군산대학교 (골프연습장)",35.94264920,126.68400150,"전북특별자치도 군산시 대학로 558",BN,...
BNBN1049,"전북 군산 군산대학교 (공대2호관)",35.94228470,126.67993830,"전북특별자치도 군산시 대학로 558",BN,...
BNBN1050,"전북 군산 군산대학교 (사회관학관)",35.94764350,126.68029360,"전북특별자치도 군산시 대학로 558",BN,...
BNBN1051,"전북 군산 군산대학교 (예술관)",35.94362540,126.68167570,"전북특별자치도 군산시 대학로 558",BN,...
BNBN1052,"전북 군산 군산대학교 (음악관)",35.94617240,126.67781130,"전북특별자치도 군산시 대학로 558",BN,...
BNBN1053,"전북 군산 군산대학교 (자연대1호관)",35.94512370,126.68165030,"전북특별자치도 군산시 대학로 558",BN,...
BNBN1054,"전북 군산 군산대학교 (중앙도서관)",35.94470450,126.67992300,"전북특별자치도 군산시 대학로 558",BN,...
BNBN1055,"전북 군산 군산대학교 (체육관)",35.94312420,126.68297440,"전북특별자치도 군산시 대학로 558",BN,...
BNBN1056,"전북 군산 군산대학교 (해양대2호관)",35.94108440,126.68270830,"전북특별자치도 군산시 대학로 558",BN,...
BNBN1057,"전북 군산 군산대학교 (황룡도서관)",35.94618690,126.68327530,"전북특별자치도 군산시 대학로 558",BN,...
BNBN1059,"충남 천안 서북구청",36.87787110,127.15485410,"충남 천안시 서북구 성거읍 봉주로 75 (신월리, 서북구청)",BN,...
BNBN1060,"전북 군산 군산대학교 (대학본부)",35.94719590,126.68142590,"전북특별자치도 군산시 대학로 558",BN,...
BNBN1061,"경북 청도 상상마루",35.64124360,128.74628100,"경북 청도군 청도읍 청화로 199 (고수리)",BN,...
BNBN1062,"경기 부천시 상공회의소 먹적골 공영주차장",37.49022700,126.77495700,"경기도 부천시 원미구 신흥로67번길 48",BN,...
BNBN1063,"충남 아산 탕정역 리앤포레빌딩",36.78742970,127.08602860,"충청남도 아산시 탕정면 한들물빛5로 25",BN,...
BNBN1065,"경기 화성 동탄호수공원 주차타워",37.16807520,127.10531960,"경기 화성시 송동 724-1",BN,...
BNBN1066,"경기 화성 병점복합타운 주4 주차타워",37.20567330,127.03298080,"경기 화성시 진안동 946-6",BN,...
BNBN1067,"울산 울주군 서울주소방서",35.55875010,129.13519440,"울산광역시 울주군 언양읍 남천둑길 99",BN,...
BNBN1068,"전북 전주시 혁신동주민센터",35.83897670,127.06280740,"전북특별자치도 전주시 덕진구 기지로 95",BN,...
BNBN1069,"전북 장수군 계남면사무소",35.70293750,127.57774060,"전북특별자치도 장수군 계남면 장수로 3071",BN,...
BNBN1070,"전북 장수군 장계면 공영주차장",35.73049000,127.58139930,"전북특별자치도 장수군 장계면 한들3길 7",BN,...
BNBN1071,"경기 고양 경기도교육청미디어교육센터",37.67038770,126.78838550,"경기 고양시 일산동구 풍산로 1 (풍동)",BN,...
BNBN1079,"경북 경산 임당유적전시관",35.84044460,128.75163090,"경상북도 경산시 청운2로 29",BN,...
BNBN1080,"충남 천안 신부동 공영주차장",36.81795910,127.15350950,"충남 천안시 동남구 신부동 453-1",BN,...
BNBN1082,"충남 보령 대천중학교",36.34292360,126.60160680,"충남 보령시 명천동 430-4",BN,...
BNBN1084,"경기 평택 코스트코",37.03614953,127.06924843,"경기도 평택시 경기대로 975",BN,...
BNBN1085,"전남 강진 지방정원",34.62103960,126.77317470,"전남 강진군 강진읍 남포리 540",BN,...
BNBN1087,"경북 울진 울진군 가족센터",36.99152830,129.39480190,"경북 울진군 울진읍 읍내리 353-1",BN,...
BNBN1088,"충남 천안 한국생산기술연구원 연구동",36.90344910,127.24552840,"충청남도 천안시 서북구 입장면 양대기로길 89",BN,...
BNBN1089,"경남 김해 화포천 습지관리센터",35.30772010,128.77726990,"경남 김해시 진영읍 본산리 7-12",BN,...
BNBN1091,"경북 포항 흥해복합커뮤니티센터",36.10853960,129.34925910,"경상북도 포항시 북구 흥해읍 중성로 52",BN,...
BNBN1092,"대구 달성 대구달성경찰서",35.69120600,128.44702500,"대구 달성군 현풍읍 현풍중앙로 16 (중리, 달성경찰서)",BN,...
BNBN1093,"충남 홍성 TBN충남교통방송",36.64301340,126.67439350,"충남 홍성군 홍북읍 신경리 1591",BN,...
BNBN1098,"부산 기장군 일광도서관",35.26162440,129.23077160,"부산 기장군 일광읍 삼성리 197",BN,...
